"","X","LPRin","LPRs","year"
"1","Africa","CA",6813,"2005"
"2","Africa","TX",6635,"2005"
"3","Africa","FL",3150,"2005"
"4","Africa","NY",7987,"2005"
"5","Africa","WA.OR",2535,"2005"
"6","Africa","AZ.NM.NV.UT.CO",3504,"2005"
"7","Africa","MT.WY.ID.ND.SD.NE",1107,"2005"
"8","Africa","KS.OK.MO.AR.IA.TN.KY",4533,"2005"
"9","Africa","LA.MS.AL.GA",5397,"2005"
"10","Africa","MN.WI.IL",9565,"2005"
"11","Africa","IN.MI.OH.WV",5486,"2005"
"12","Africa","SC.NC.VA",6634,"2005"
"13","Africa","MD.DC.DE.PA.NJ",14603,"2005"
"14","Africa","CT.RI.MA.NH.VT.ME",7036,"2005"
"15","Africa","Other",81,"2005"
"16","Asia Other","CA",74148,"2005"
"17","Asia Other","TX",18603,"2005"
"18","Asia Other","FL",9769,"2005"
"19","Asia Other","NY",24997,"2005"
"20","Asia Other","WA.OR",8261,"2005"
"21","Asia Other","AZ.NM.NV.UT.CO",9609,"2005"
"22","Asia Other","MT.WY.ID.ND.SD.NE",1665,"2005"
"23","Asia Other","KS.OK.MO.AR.IA.TN.KY",8880,"2005"
"24","Asia Other","LA.MS.AL.GA",9806,"2005"
"25","Asia Other","MN.WI.IL",14563,"2005"
"26","Asia Other","IN.MI.OH.WV",12513,"2005"
"27","Asia Other","SC.NC.VA",12922,"2005"
"28","Asia Other","MD.DC.DE.PA.NJ",23510,"2005"
"29","Asia Other","CT.RI.MA.NH.VT.ME",9197,"2005"
"30","Asia Other","Other",5523,"2005"
"31","Europe","CA",22806,"2005"
"32","Europe","TX",7382,"2005"
"33","Europe","FL",12628,"2005"
"34","Europe","NY",24653,"2005"
"35","Europe","WA.OR",13087,"2005"
"36","Europe","AZ.NM.NV.UT.CO",7680,"2005"
"37","Europe","MT.WY.ID.ND.SD.NE",2033,"2005"
"38","Europe","KS.OK.MO.AR.IA.TN.KY",8533,"2005"
"39","Europe","LA.MS.AL.GA",6220,"2005"
"40","Europe","MN.WI.IL",20435,"2005"
"41","Europe","IN.MI.OH.WV",11645,"2005"
"42","Europe","SC.NC.VA",7237,"2005"
"43","Europe","MD.DC.DE.PA.NJ",18340,"2005"
"44","Europe","CT.RI.MA.NH.VT.ME",12995,"2005"
"45","Europe","Other",699,"2005"
"46","N.Amer. Other","CA",21245,"2005"
"47","N.Amer. Other","TX",8810,"2005"
"48","N.Amer. Other","FL",55618,"2005"
"49","N.Amer. Other","NY",35634,"2005"
"50","N.Amer. Other","WA.OR",2414,"2005"
"51","N.Amer. Other","AZ.NM.NV.UT.CO",4830,"2005"
"52","N.Amer. Other","MT.WY.ID.ND.SD.NE",783,"2005"
"53","N.Amer. Other","KS.OK.MO.AR.IA.TN.KY",3635,"2005"
"54","N.Amer. Other","LA.MS.AL.GA",5037,"2005"
"55","N.Amer. Other","MN.WI.IL",4400,"2005"
"56","N.Amer. Other","IN.MI.OH.WV",3929,"2005"
"57","N.Amer. Other","SC.NC.VA",6268,"2005"
"58","N.Amer. Other","MD.DC.DE.PA.NJ",18035,"2005"
"59","N.Amer. Other","CT.RI.MA.NH.VT.ME",10098,"2005"
"60","N.Amer. Other","Other",351,"2005"
"61","Oceania","CA",2142,"2005"
"62","Oceania","TX",331,"2005"
"63","Oceania","FL",259,"2005"
"64","Oceania","NY",475,"2005"
"65","Oceania","WA.OR",481,"2005"
"66","Oceania","AZ.NM.NV.UT.CO",502,"2005"
"67","Oceania","MT.WY.ID.ND.SD.NE",70,"2005"
"68","Oceania","KS.OK.MO.AR.IA.TN.KY",211,"2005"
"69","Oceania","LA.MS.AL.GA",218,"2005"
"70","Oceania","MN.WI.IL",368,"2005"
"71","Oceania","IN.MI.OH.WV",266,"2005"
"72","Oceania","SC.NC.VA",264,"2005"
"73","Oceania","MD.DC.DE.PA.NJ",426,"2005"
"74","Oceania","CT.RI.MA.NH.VT.ME",295,"2005"
"75","Oceania","Other",224,"2005"
"76","S.Amer.","CA",7616,"2005"
"77","S.Amer.","TX",4573,"2005"
"78","S.Amer.","FL",31301,"2005"
"79","S.Amer.","NY",19091,"2005"
"80","S.Amer.","WA.OR",838,"2005"
"81","S.Amer.","AZ.NM.NV.UT.CO",2650,"2005"
"82","S.Amer.","MT.WY.ID.ND.SD.NE",309,"2005"
"83","S.Amer.","KS.OK.MO.AR.IA.TN.KY",1755,"2005"
"84","S.Amer.","LA.MS.AL.GA",3155,"2005"
"85","S.Amer.","MN.WI.IL",2978,"2005"
"86","S.Amer.","IN.MI.OH.WV",1864,"2005"
"87","S.Amer.","SC.NC.VA",4335,"2005"
"88","S.Amer.","MD.DC.DE.PA.NJ",12529,"2005"
"89","S.Amer.","CT.RI.MA.NH.VT.ME",9214,"2005"
"90","S.Amer.","Other",211,"2005"
"91","Mexico","CA",63092,"2005"
"92","Mexico","TX",38040,"2005"
"93","Mexico","FL",4236,"2005"
"94","Mexico","NY",1972,"2005"
"95","Mexico","WA.OR",3962,"2005"
"96","Mexico","AZ.NM.NV.UT.CO",16438,"2005"
"97","Mexico","MT.WY.ID.ND.SD.NE",1673,"2005"
"98","Mexico","KS.OK.MO.AR.IA.TN.KY",5626,"2005"
"99","Mexico","LA.MS.AL.GA",4416,"2005"
"100","Mexico","MN.WI.IL",11588,"2005"
"101","Mexico","IN.MI.OH.WV",2860,"2005"
"102","Mexico","SC.NC.VA",3219,"2005"
"103","Mexico","MD.DC.DE.PA.NJ",3312,"2005"
"104","Mexico","CT.RI.MA.NH.VT.ME",735,"2005"
"105","Mexico","Other",141,"2005"
"106","India","CA",14724,"2005"
"107","India","TX",7139,"2005"
"108","India","FL",3714,"2005"
"109","India","NY",6693,"2005"
"110","India","WA.OR",2152,"2005"
"111","India","AZ.NM.NV.UT.CO",1805,"2005"
"112","India","MT.WY.ID.ND.SD.NE",331,"2005"
"113","India","KS.OK.MO.AR.IA.TN.KY",3560,"2005"
"114","India","LA.MS.AL.GA",4644,"2005"
"115","India","MN.WI.IL",7684,"2005"
"116","India","IN.MI.OH.WV",6333,"2005"
"117","India","SC.NC.VA",5079,"2005"
"118","India","MD.DC.DE.PA.NJ",15270,"2005"
"119","India","CT.RI.MA.NH.VT.ME",5477,"2005"
"120","India","Other",44,"2005"
"121","China","CA",17668,"2005"
"122","China","TX",4139,"2005"
"123","China","FL",1891,"2005"
"124","China","NY",14505,"2005"
"125","China","WA.OR",2331,"2005"
"126","China","AZ.NM.NV.UT.CO",2219,"2005"
"127","China","MT.WY.ID.ND.SD.NE",430,"2005"
"128","China","KS.OK.MO.AR.IA.TN.KY",2546,"2005"
"129","China","LA.MS.AL.GA",2136,"2005"
"130","China","MN.WI.IL",3839,"2005"
"131","China","IN.MI.OH.WV",3206,"2005"
"132","China","SC.NC.VA",2754,"2005"
"133","China","MD.DC.DE.PA.NJ",6890,"2005"
"134","China","CT.RI.MA.NH.VT.ME",4498,"2005"
"135","China","Other",718,"2005"
"136","Africa","CA",9384,"2006"
"137","Africa","TX",8623,"2006"
"138","Africa","FL",3690,"2006"
"139","Africa","NY",11603,"2006"
"140","Africa","WA.OR",3809,"2006"
"141","Africa","AZ.NM.NV.UT.CO",5191,"2006"
"142","Africa","MT.WY.ID.ND.SD.NE",1591,"2006"
"143","Africa","KS.OK.MO.AR.IA.TN.KY",6472,"2006"
"144","Africa","LA.MS.AL.GA",6996,"2006"
"145","Africa","MN.WI.IL",11586,"2006"
"146","Africa","IN.MI.OH.WV",7486,"2006"
"147","Africa","SC.NC.VA",10360,"2006"
"148","Africa","MD.DC.DE.PA.NJ",20755,"2006"
"149","Africa","CT.RI.MA.NH.VT.ME",9764,"2006"
"150","Africa","Other",99,"2006"
"151","Asia Other","CA",80475,"2006"
"152","Asia Other","TX",17364,"2006"
"153","Asia Other","FL",11678,"2006"
"154","Asia Other","NY",32577,"2006"
"155","Asia Other","WA.OR",8617,"2006"
"156","Asia Other","AZ.NM.NV.UT.CO",11140,"2006"
"157","Asia Other","MT.WY.ID.ND.SD.NE",1469,"2006"
"158","Asia Other","KS.OK.MO.AR.IA.TN.KY",9315,"2006"
"159","Asia Other","LA.MS.AL.GA",9227,"2006"
"160","Asia Other","MN.WI.IL",19023,"2006"
"161","Asia Other","IN.MI.OH.WV",13696,"2006"
"162","Asia Other","SC.NC.VA",15828,"2006"
"163","Asia Other","MD.DC.DE.PA.NJ",25483,"2006"
"164","Asia Other","CT.RI.MA.NH.VT.ME",9741,"2006"
"165","Asia Other","Other",6244,"2006"
"166","Europe","CA",25822,"2006"
"167","Europe","TX",5261,"2006"
"168","Europe","FL",12463,"2006"
"169","Europe","NY",27754,"2006"
"170","Europe","WA.OR",8647,"2006"
"171","Europe","AZ.NM.NV.UT.CO",6981,"2006"
"172","Europe","MT.WY.ID.ND.SD.NE",1390,"2006"
"173","Europe","KS.OK.MO.AR.IA.TN.KY",5435,"2006"
"174","Europe","LA.MS.AL.GA",5078,"2006"
"175","Europe","MN.WI.IL",17776,"2006"
"176","Europe","IN.MI.OH.WV",9465,"2006"
"177","Europe","SC.NC.VA",7515,"2006"
"178","Europe","MD.DC.DE.PA.NJ",17921,"2006"
"179","Europe","CT.RI.MA.NH.VT.ME",11910,"2006"
"180","Europe","Other",685,"2006"
"181","N.Amer. Other","CA",27606,"2006"
"182","N.Amer. Other","TX",9814,"2006"
"183","N.Amer. Other","FL",72925,"2006"
"184","N.Amer. Other","NY",48190,"2006"
"185","N.Amer. Other","WA.OR",2397,"2006"
"186","N.Amer. Other","AZ.NM.NV.UT.CO",6445,"2006"
"187","N.Amer. Other","MT.WY.ID.ND.SD.NE",1177,"2006"
"188","N.Amer. Other","KS.OK.MO.AR.IA.TN.KY",4640,"2006"
"189","N.Amer. Other","LA.MS.AL.GA",5692,"2006"
"190","N.Amer. Other","MN.WI.IL",4382,"2006"
"191","N.Amer. Other","IN.MI.OH.WV",4178,"2006"
"192","N.Amer. Other","SC.NC.VA",9925,"2006"
"193","N.Amer. Other","MD.DC.DE.PA.NJ",24493,"2006"
"194","N.Amer. Other","CT.RI.MA.NH.VT.ME",14306,"2006"
"195","N.Amer. Other","Other",401,"2006"
"196","Oceania","CA",3001,"2006"
"197","Oceania","TX",270,"2006"
"198","Oceania","FL",292,"2006"
"199","Oceania","NY",503,"2006"
"200","Oceania","WA.OR",498,"2006"
"201","Oceania","AZ.NM.NV.UT.CO",630,"2006"
"202","Oceania","MT.WY.ID.ND.SD.NE",81,"2006"
"203","Oceania","KS.OK.MO.AR.IA.TN.KY",275,"2006"
"204","Oceania","LA.MS.AL.GA",191,"2006"
"205","Oceania","MN.WI.IL",242,"2006"
"206","Oceania","IN.MI.OH.WV",215,"2006"
"207","Oceania","SC.NC.VA",241,"2006"
"208","Oceania","MD.DC.DE.PA.NJ",362,"2006"
"209","Oceania","CT.RI.MA.NH.VT.ME",257,"2006"
"210","Oceania","Other",307,"2006"
"211","S.Amer.","CA",9386,"2006"
"212","S.Amer.","TX",4497,"2006"
"213","S.Amer.","FL",44229,"2006"
"214","S.Amer.","NY",25477,"2006"
"215","S.Amer.","WA.OR",971,"2006"
"216","S.Amer.","AZ.NM.NV.UT.CO",3631,"2006"
"217","S.Amer.","MT.WY.ID.ND.SD.NE",392,"2006"
"218","S.Amer.","KS.OK.MO.AR.IA.TN.KY",1811,"2006"
"219","S.Amer.","LA.MS.AL.GA",3788,"2006"
"220","S.Amer.","MN.WI.IL",3048,"2006"
"221","S.Amer.","IN.MI.OH.WV",1838,"2006"
"222","S.Amer.","SC.NC.VA",8243,"2006"
"223","S.Amer.","MD.DC.DE.PA.NJ",18778,"2006"
"224","S.Amer.","CT.RI.MA.NH.VT.ME",10839,"2006"
"225","S.Amer.","Other",273,"2006"
"226","Mexico","CA",66744,"2006"
"227","Mexico","TX",35830,"2006"
"228","Mexico","FL",5342,"2006"
"229","Mexico","NY",3127,"2006"
"230","Mexico","WA.OR",3941,"2006"
"231","Mexico","AZ.NM.NV.UT.CO",20187,"2006"
"232","Mexico","MT.WY.ID.ND.SD.NE",2019,"2006"
"233","Mexico","KS.OK.MO.AR.IA.TN.KY",6093,"2006"
"234","Mexico","LA.MS.AL.GA",4646,"2006"
"235","Mexico","MN.WI.IL",13881,"2006"
"236","Mexico","IN.MI.OH.WV",3191,"2006"
"237","Mexico","SC.NC.VA",4658,"2006"
"238","Mexico","MD.DC.DE.PA.NJ",2962,"2006"
"239","Mexico","CT.RI.MA.NH.VT.ME",807,"2006"
"240","Mexico","Other",183,"2006"
"241","India","CA",14110,"2006"
"242","India","TX",4131,"2006"
"243","India","FL",3183,"2006"
"244","India","NY",6691,"2006"
"245","India","WA.OR",1715,"2006"
"246","India","AZ.NM.NV.UT.CO",1507,"2006"
"247","India","MT.WY.ID.ND.SD.NE",136,"2006"
"248","India","KS.OK.MO.AR.IA.TN.KY",2074,"2006"
"249","India","LA.MS.AL.GA",3024,"2006"
"250","India","MN.WI.IL",5325,"2006"
"251","India","IN.MI.OH.WV",3165,"2006"
"252","India","SC.NC.VA",3182,"2006"
"253","India","MD.DC.DE.PA.NJ",10372,"2006"
"254","India","CT.RI.MA.NH.VT.ME",2705,"2006"
"255","India","Other",35,"2006"
"256","China","CA",27305,"2006"
"257","China","TX",3106,"2006"
"258","China","FL",1946,"2006"
"259","China","NY",23891,"2006"
"260","China","WA.OR",2363,"2006"
"261","China","AZ.NM.NV.UT.CO",2700,"2006"
"262","China","MT.WY.ID.ND.SD.NE",448,"2006"
"263","China","KS.OK.MO.AR.IA.TN.KY",2092,"2006"
"264","China","LA.MS.AL.GA",1880,"2006"
"265","China","MN.WI.IL",3611,"2006"
"266","China","IN.MI.OH.WV",3029,"2006"
"267","China","SC.NC.VA",2712,"2006"
"268","China","MD.DC.DE.PA.NJ",6777,"2006"
"269","China","CT.RI.MA.NH.VT.ME",4200,"2006"
"270","China","Other",910,"2006"
"271","Africa","CA",8035,"2007"
"272","Africa","TX",6757,"2007"
"273","Africa","FL",2964,"2007"
"274","Africa","NY",9703,"2007"
"275","Africa","WA.OR",3087,"2007"
"276","Africa","AZ.NM.NV.UT.CO",4047,"2007"
"277","Africa","MT.WY.ID.ND.SD.NE",1125,"2007"
"278","Africa","KS.OK.MO.AR.IA.TN.KY",4929,"2007"
"279","Africa","LA.MS.AL.GA",5662,"2007"
"280","Africa","MN.WI.IL",8688,"2007"
"281","Africa","IN.MI.OH.WV",5898,"2007"
"282","Africa","SC.NC.VA",7997,"2007"
"283","Africa","MD.DC.DE.PA.NJ",17281,"2007"
"284","Africa","CT.RI.MA.NH.VT.ME",8374,"2007"
"285","Africa","Other",141,"2007"
"286","Asia Other","CA",78587,"2007"
"287","Asia Other","TX",14880,"2007"
"288","Asia Other","FL",9590,"2007"
"289","Asia Other","NY",24502,"2007"
"290","Asia Other","WA.OR",9004,"2007"
"291","Asia Other","AZ.NM.NV.UT.CO",10297,"2007"
"292","Asia Other","MT.WY.ID.ND.SD.NE",1389,"2007"
"293","Asia Other","KS.OK.MO.AR.IA.TN.KY",8351,"2007"
"294","Asia Other","LA.MS.AL.GA",7865,"2007"
"295","Asia Other","MN.WI.IL",15660,"2007"
"296","Asia Other","IN.MI.OH.WV",12055,"2007"
"297","Asia Other","SC.NC.VA",12644,"2007"
"298","Asia Other","MD.DC.DE.PA.NJ",21206,"2007"
"299","Asia Other","CT.RI.MA.NH.VT.ME",7654,"2007"
"300","Asia Other","Other",6384,"2007"
"301","Europe","CA",19597,"2007"
"302","Europe","TX",4389,"2007"
"303","Europe","FL",9161,"2007"
"304","Europe","NY",18676,"2007"
"305","Europe","WA.OR",6323,"2007"
"306","Europe","AZ.NM.NV.UT.CO",5633,"2007"
"307","Europe","MT.WY.ID.ND.SD.NE",1089,"2007"
"308","Europe","KS.OK.MO.AR.IA.TN.KY",4386,"2007"
"309","Europe","LA.MS.AL.GA",4061,"2007"
"310","Europe","MN.WI.IL",12228,"2007"
"311","Europe","IN.MI.OH.WV",7519,"2007"
"312","Europe","SC.NC.VA",5355,"2007"
"313","Europe","MD.DC.DE.PA.NJ",13467,"2007"
"314","Europe","CT.RI.MA.NH.VT.ME",8285,"2007"
"315","Europe","Other",507,"2007"
"316","N.Amer. Other","CA",18941,"2007"
"317","N.Amer. Other","TX",8056,"2007"
"318","N.Amer. Other","FL",59938,"2007"
"319","N.Amer. Other","NY",37671,"2007"
"320","N.Amer. Other","WA.OR",2494,"2007"
"321","N.Amer. Other","AZ.NM.NV.UT.CO",4885,"2007"
"322","N.Amer. Other","MT.WY.ID.ND.SD.NE",720,"2007"
"323","N.Amer. Other","KS.OK.MO.AR.IA.TN.KY",3737,"2007"
"324","N.Amer. Other","LA.MS.AL.GA",5243,"2007"
"325","N.Amer. Other","MN.WI.IL",3660,"2007"
"326","N.Amer. Other","IN.MI.OH.WV",3441,"2007"
"327","N.Amer. Other","SC.NC.VA",7185,"2007"
"328","N.Amer. Other","MD.DC.DE.PA.NJ",20041,"2007"
"329","N.Amer. Other","CT.RI.MA.NH.VT.ME",11645,"2007"
"330","N.Amer. Other","Other",330,"2007"
"331","Oceania","CA",2466,"2007"
"332","Oceania","TX",234,"2007"
"333","Oceania","FL",166,"2007"
"334","Oceania","NY",396,"2007"
"335","Oceania","WA.OR",516,"2007"
"336","Oceania","AZ.NM.NV.UT.CO",491,"2007"
"337","Oceania","MT.WY.ID.ND.SD.NE",59,"2007"
"338","Oceania","KS.OK.MO.AR.IA.TN.KY",209,"2007"
"339","Oceania","LA.MS.AL.GA",150,"2007"
"340","Oceania","MN.WI.IL",214,"2007"
"341","Oceania","IN.MI.OH.WV",159,"2007"
"342","Oceania","SC.NC.VA",189,"2007"
"343","Oceania","MD.DC.DE.PA.NJ",265,"2007"
"344","Oceania","CT.RI.MA.NH.VT.ME",239,"2007"
"345","Oceania","Other",335,"2007"
"346","S.Amer.","CA",8140,"2007"
"347","S.Amer.","TX",4170,"2007"
"348","S.Amer.","FL",35691,"2007"
"349","S.Amer.","NY",17113,"2007"
"350","S.Amer.","WA.OR",1010,"2007"
"351","S.Amer.","AZ.NM.NV.UT.CO",2970,"2007"
"352","S.Amer.","MT.WY.ID.ND.SD.NE",281,"2007"
"353","S.Amer.","KS.OK.MO.AR.IA.TN.KY",1793,"2007"
"354","S.Amer.","LA.MS.AL.GA",3526,"2007"
"355","S.Amer.","MN.WI.IL",2470,"2007"
"356","S.Amer.","IN.MI.OH.WV",1580,"2007"
"357","S.Amer.","SC.NC.VA",5953,"2007"
"358","S.Amer.","MD.DC.DE.PA.NJ",13791,"2007"
"359","S.Amer.","CT.RI.MA.NH.VT.ME",7142,"2007"
"360","S.Amer.","Other",219,"2007"
"361","Mexico","CA",57212,"2007"
"362","Mexico","TX",31337,"2007"
"363","Mexico","FL",4063,"2007"
"364","Mexico","NY",2841,"2007"
"365","Mexico","WA.OR",3895,"2007"
"366","Mexico","AZ.NM.NV.UT.CO",16908,"2007"
"367","Mexico","MT.WY.ID.ND.SD.NE",1738,"2007"
"368","Mexico","KS.OK.MO.AR.IA.TN.KY",5968,"2007"
"369","Mexico","LA.MS.AL.GA",3862,"2007"
"370","Mexico","MN.WI.IL",10375,"2007"
"371","Mexico","IN.MI.OH.WV",2458,"2007"
"372","Mexico","SC.NC.VA",3887,"2007"
"373","Mexico","MD.DC.DE.PA.NJ",3034,"2007"
"374","Mexico","CT.RI.MA.NH.VT.ME",818,"2007"
"375","Mexico","Other",154,"2007"
"376","India","CA",12820,"2007"
"377","India","TX",4681,"2007"
"378","India","FL",2828,"2007"
"379","India","NY",5371,"2007"
"380","India","WA.OR",1878,"2007"
"381","India","AZ.NM.NV.UT.CO",1571,"2007"
"382","India","MT.WY.ID.ND.SD.NE",347,"2007"
"383","India","KS.OK.MO.AR.IA.TN.KY",2408,"2007"
"384","India","LA.MS.AL.GA",3515,"2007"
"385","India","MN.WI.IL",6344,"2007"
"386","India","IN.MI.OH.WV",4081,"2007"
"387","India","SC.NC.VA",4199,"2007"
"388","India","MD.DC.DE.PA.NJ",11898,"2007"
"389","India","CT.RI.MA.NH.VT.ME",3324,"2007"
"390","India","Other",45,"2007"
"391","China","CA",22824,"2007"
"392","China","TX",2701,"2007"
"393","China","FL",1717,"2007"
"394","China","NY",20317,"2007"
"395","China","WA.OR",2322,"2007"
"396","China","AZ.NM.NV.UT.CO",2289,"2007"
"397","China","MT.WY.ID.ND.SD.NE",379,"2007"
"398","China","KS.OK.MO.AR.IA.TN.KY",2149,"2007"
"399","China","LA.MS.AL.GA",1871,"2007"
"400","China","MN.WI.IL",3412,"2007"
"401","China","IN.MI.OH.WV",2904,"2007"
"402","China","SC.NC.VA",2454,"2007"
"403","China","MD.DC.DE.PA.NJ",6386,"2007"
"404","China","CT.RI.MA.NH.VT.ME",3864,"2007"
"405","China","Other",809,"2007"
"406","Africa","CA",7783,"2008"
"407","Africa","TX",7458,"2008"
"408","Africa","FL",2786,"2008"
"409","Africa","NY",11020,"2008"
"410","Africa","WA.OR",3539,"2008"
"411","Africa","AZ.NM.NV.UT.CO",4886,"2008"
"412","Africa","MT.WY.ID.ND.SD.NE",1655,"2008"
"413","Africa","KS.OK.MO.AR.IA.TN.KY",5916,"2008"
"414","Africa","LA.MS.AL.GA",6008,"2008"
"415","Africa","MN.WI.IL",11522,"2008"
"416","Africa","IN.MI.OH.WV",7215,"2008"
"417","Africa","SC.NC.VA",8295,"2008"
"418","Africa","MD.DC.DE.PA.NJ",18854,"2008"
"419","Africa","CT.RI.MA.NH.VT.ME",8830,"2008"
"420","Africa","Other",129,"2008"
"421","Asia Other","CA",75518,"2008"
"422","Asia Other","TX",16564,"2008"
"423","Asia Other","FL",8812,"2008"
"424","Asia Other","NY",24808,"2008"
"425","Asia Other","WA.OR",8833,"2008"
"426","Asia Other","AZ.NM.NV.UT.CO",10039,"2008"
"427","Asia Other","MT.WY.ID.ND.SD.NE",1513,"2008"
"428","Asia Other","KS.OK.MO.AR.IA.TN.KY",8423,"2008"
"429","Asia Other","LA.MS.AL.GA",8243,"2008"
"430","Asia Other","MN.WI.IL",14467,"2008"
"431","Asia Other","IN.MI.OH.WV",11798,"2008"
"432","Asia Other","SC.NC.VA",13441,"2008"
"433","Asia Other","MD.DC.DE.PA.NJ",22096,"2008"
"434","Asia Other","CT.RI.MA.NH.VT.ME",8500,"2008"
"435","Asia Other","Other",6771,"2008"
"436","Europe","CA",18496,"2008"
"437","Europe","TX",4944,"2008"
"438","Europe","FL",8637,"2008"
"439","Europe","NY",19528,"2008"
"440","Europe","WA.OR",6385,"2008"
"441","Europe","AZ.NM.NV.UT.CO",5281,"2008"
"442","Europe","MT.WY.ID.ND.SD.NE",1166,"2008"
"443","Europe","KS.OK.MO.AR.IA.TN.KY",4375,"2008"
"444","Europe","LA.MS.AL.GA",4085,"2008"
"445","Europe","MN.WI.IL",11155,"2008"
"446","Europe","IN.MI.OH.WV",7028,"2008"
"447","Europe","SC.NC.VA",5836,"2008"
"448","Europe","MD.DC.DE.PA.NJ",13345,"2008"
"449","Europe","CT.RI.MA.NH.VT.ME",8160,"2008"
"450","Europe","Other",692,"2008"
"451","N.Amer. Other","CA",17630,"2008"
"452","N.Amer. Other","TX",7289,"2008"
"453","N.Amer. Other","FL",72672,"2008"
"454","N.Amer. Other","NY",38567,"2008"
"455","N.Amer. Other","WA.OR",2328,"2008"
"456","N.Amer. Other","AZ.NM.NV.UT.CO",5353,"2008"
"457","N.Amer. Other","MT.WY.ID.ND.SD.NE",833,"2008"
"458","N.Amer. Other","KS.OK.MO.AR.IA.TN.KY",4077,"2008"
"459","N.Amer. Other","LA.MS.AL.GA",5461,"2008"
"460","N.Amer. Other","MN.WI.IL",3554,"2008"
"461","N.Amer. Other","IN.MI.OH.WV",3584,"2008"
"462","N.Amer. Other","SC.NC.VA",6640,"2008"
"463","N.Amer. Other","MD.DC.DE.PA.NJ",20282,"2008"
"464","N.Amer. Other","CT.RI.MA.NH.VT.ME",11566,"2008"
"465","N.Amer. Other","Other",2640,"2008"
"466","Oceania","CA",1900,"2008"
"467","Oceania","TX",254,"2008"
"468","Oceania","FL",170,"2008"
"469","Oceania","NY",391,"2008"
"470","Oceania","WA.OR",385,"2008"
"471","Oceania","AZ.NM.NV.UT.CO",462,"2008"
"472","Oceania","MT.WY.ID.ND.SD.NE",79,"2008"
"473","Oceania","KS.OK.MO.AR.IA.TN.KY",202,"2008"
"474","Oceania","LA.MS.AL.GA",144,"2008"
"475","Oceania","MN.WI.IL",198,"2008"
"476","Oceania","IN.MI.OH.WV",156,"2008"
"477","Oceania","SC.NC.VA",182,"2008"
"478","Oceania","MD.DC.DE.PA.NJ",285,"2008"
"479","Oceania","CT.RI.MA.NH.VT.ME",192,"2008"
"480","Oceania","Other",260,"2008"
"481","S.Amer.","CA",7200,"2008"
"482","S.Amer.","TX",4210,"2008"
"483","S.Amer.","FL",32062,"2008"
"484","S.Amer.","NY",17332,"2008"
"485","S.Amer.","WA.OR",807,"2008"
"486","S.Amer.","AZ.NM.NV.UT.CO",2703,"2008"
"487","S.Amer.","MT.WY.ID.ND.SD.NE",345,"2008"
"488","S.Amer.","KS.OK.MO.AR.IA.TN.KY",1591,"2008"
"489","S.Amer.","LA.MS.AL.GA",3375,"2008"
"490","S.Amer.","MN.WI.IL",2553,"2008"
"491","S.Amer.","IN.MI.OH.WV",1516,"2008"
"492","S.Amer.","SC.NC.VA",5013,"2008"
"493","S.Amer.","MD.DC.DE.PA.NJ",12794,"2008"
"494","S.Amer.","CT.RI.MA.NH.VT.ME",6208,"2008"
"495","S.Amer.","Other",827,"2008"
"496","Mexico","CA",73648,"2008"
"497","Mexico","TX",41060,"2008"
"498","Mexico","FL",4632,"2008"
"499","Mexico","NY",2337,"2008"
"500","Mexico","WA.OR",5175,"2008"
"501","Mexico","AZ.NM.NV.UT.CO",22189,"2008"
"502","Mexico","MT.WY.ID.ND.SD.NE",2573,"2008"
"503","Mexico","KS.OK.MO.AR.IA.TN.KY",7965,"2008"
"504","Mexico","LA.MS.AL.GA",5278,"2008"
"505","Mexico","MN.WI.IL",13767,"2008"
"506","Mexico","IN.MI.OH.WV",3582,"2008"
"507","Mexico","SC.NC.VA",3903,"2008"
"508","Mexico","MD.DC.DE.PA.NJ",2918,"2008"
"509","Mexico","CT.RI.MA.NH.VT.ME",682,"2008"
"510","Mexico","Other",277,"2008"
"511","India","CA",14112,"2008"
"512","India","TX",4811,"2008"
"513","India","FL",1785,"2008"
"514","India","NY",5561,"2008"
"515","India","WA.OR",2226,"2008"
"516","India","AZ.NM.NV.UT.CO",1413,"2008"
"517","India","MT.WY.ID.ND.SD.NE",259,"2008"
"518","India","KS.OK.MO.AR.IA.TN.KY",2262,"2008"
"519","India","LA.MS.AL.GA",2841,"2008"
"520","India","MN.WI.IL",5239,"2008"
"521","India","IN.MI.OH.WV",3582,"2008"
"522","India","SC.NC.VA",3887,"2008"
"523","India","MD.DC.DE.PA.NJ",12321,"2008"
"524","India","CT.RI.MA.NH.VT.ME",3002,"2008"
"525","India","Other",40,"2008"
"526","China","CA",21925,"2008"
"527","China","TX",3131,"2008"
"528","China","FL",1690,"2008"
"529","China","NY",23981,"2008"
"530","China","WA.OR",2492,"2008"
"531","China","AZ.NM.NV.UT.CO",2375,"2008"
"532","China","MT.WY.ID.ND.SD.NE",436,"2008"
"533","China","KS.OK.MO.AR.IA.TN.KY",2200,"2008"
"534","China","LA.MS.AL.GA",1831,"2008"
"535","China","MN.WI.IL",3297,"2008"
"536","China","IN.MI.OH.WV",2807,"2008"
"537","China","SC.NC.VA",2410,"2008"
"538","China","MD.DC.DE.PA.NJ",6603,"2008"
"539","China","CT.RI.MA.NH.VT.ME",3954,"2008"
"540","China","Other",1104,"2008"
"541","Africa","CA",8578,"2009"
"542","Africa","TX",10255,"2009"
"543","Africa","FL",3157,"2009"
"544","Africa","NY",12046,"2009"
"545","Africa","WA.OR",5590,"2009"
"546","Africa","AZ.NM.NV.UT.CO",7241,"2009"
"547","Africa","MT.WY.ID.ND.SD.NE",2758,"2009"
"548","Africa","KS.OK.MO.AR.IA.TN.KY",8030,"2009"
"549","Africa","LA.MS.AL.GA",6980,"2009"
"550","Africa","MN.WI.IL",14482,"2009"
"551","Africa","IN.MI.OH.WV",8393,"2009"
"552","Africa","SC.NC.VA",8768,"2009"
"553","Africa","MD.DC.DE.PA.NJ",20353,"2009"
"554","Africa","CT.RI.MA.NH.VT.ME",10251,"2009"
"555","Africa","Other",145,"2009"
"556","Asia Other","CA",87481,"2009"
"557","Asia Other","TX",20982,"2009"
"558","Asia Other","FL",9685,"2009"
"559","Asia Other","NY",33681,"2009"
"560","Asia Other","WA.OR",11618,"2009"
"561","Asia Other","AZ.NM.NV.UT.CO",13465,"2009"
"562","Asia Other","MT.WY.ID.ND.SD.NE",2552,"2009"
"563","Asia Other","KS.OK.MO.AR.IA.TN.KY",10360,"2009"
"564","Asia Other","LA.MS.AL.GA",10028,"2009"
"565","Asia Other","MN.WI.IL",15970,"2009"
"566","Asia Other","IN.MI.OH.WV",16827,"2009"
"567","Asia Other","SC.NC.VA",16603,"2009"
"568","Asia Other","MD.DC.DE.PA.NJ",25115,"2009"
"569","Asia Other","CT.RI.MA.NH.VT.ME",9456,"2009"
"570","Asia Other","Other",7686,"2009"
"571","Europe","CA",14789,"2009"
"572","Europe","TX",4796,"2009"
"573","Europe","FL",8808,"2009"
"574","Europe","NY",15113,"2009"
"575","Europe","WA.OR",6539,"2009"
"576","Europe","AZ.NM.NV.UT.CO",4909,"2009"
"577","Europe","MT.WY.ID.ND.SD.NE",907,"2009"
"578","Europe","KS.OK.MO.AR.IA.TN.KY",3526,"2009"
"579","Europe","LA.MS.AL.GA",3450,"2009"
"580","Europe","MN.WI.IL",10771,"2009"
"581","Europe","IN.MI.OH.WV",5943,"2009"
"582","Europe","SC.NC.VA",5461,"2009"
"583","Europe","MD.DC.DE.PA.NJ",11749,"2009"
"584","Europe","CT.RI.MA.NH.VT.ME",7994,"2009"
"585","Europe","Other",618,"2009"
"586","N.Amer. Other","CA",17056,"2009"
"587","N.Amer. Other","TX",8213,"2009"
"588","N.Amer. Other","FL",65354,"2009"
"589","N.Amer. Other","NY",46323,"2009"
"590","N.Amer. Other","WA.OR",2558,"2009"
"591","N.Amer. Other","AZ.NM.NV.UT.CO",4903,"2009"
"592","N.Amer. Other","MT.WY.ID.ND.SD.NE",901,"2009"
"593","N.Amer. Other","KS.OK.MO.AR.IA.TN.KY",3830,"2009"
"594","N.Amer. Other","LA.MS.AL.GA",5465,"2009"
"595","N.Amer. Other","MN.WI.IL",3498,"2009"
"596","N.Amer. Other","IN.MI.OH.WV",3022,"2009"
"597","N.Amer. Other","SC.NC.VA",6698,"2009"
"598","N.Amer. Other","MD.DC.DE.PA.NJ",24118,"2009"
"599","N.Amer. Other","CT.RI.MA.NH.VT.ME",13952,"2009"
"600","N.Amer. Other","Other",3430,"2009"
"601","Oceania","CA",2022,"2009"
"602","Oceania","TX",267,"2009"
"603","Oceania","FL",197,"2009"
"604","Oceania","NY",385,"2009"
"605","Oceania","WA.OR",471,"2009"
"606","Oceania","AZ.NM.NV.UT.CO",445,"2009"
"607","Oceania","MT.WY.ID.ND.SD.NE",59,"2009"
"608","Oceania","KS.OK.MO.AR.IA.TN.KY",205,"2009"
"609","Oceania","LA.MS.AL.GA",155,"2009"
"610","Oceania","MN.WI.IL",238,"2009"
"611","Oceania","IN.MI.OH.WV",182,"2009"
"612","Oceania","SC.NC.VA",203,"2009"
"613","Oceania","MD.DC.DE.PA.NJ",307,"2009"
"614","Oceania","CT.RI.MA.NH.VT.ME",194,"2009"
"615","Oceania","Other",246,"2009"
"616","S.Amer.","CA",7950,"2009"
"617","S.Amer.","TX",4844,"2009"
"618","S.Amer.","FL",32204,"2009"
"619","S.Amer.","NY",16850,"2009"
"620","S.Amer.","WA.OR",1033,"2009"
"621","S.Amer.","AZ.NM.NV.UT.CO",3067,"2009"
"622","S.Amer.","MT.WY.ID.ND.SD.NE",382,"2009"
"623","S.Amer.","KS.OK.MO.AR.IA.TN.KY",1774,"2009"
"624","S.Amer.","LA.MS.AL.GA",3611,"2009"
"625","S.Amer.","MN.WI.IL",2488,"2009"
"626","S.Amer.","IN.MI.OH.WV",1532,"2009"
"627","S.Amer.","SC.NC.VA",5428,"2009"
"628","S.Amer.","MD.DC.DE.PA.NJ",13993,"2009"
"629","S.Amer.","CT.RI.MA.NH.VT.ME",6831,"2009"
"630","S.Amer.","Other",847,"2009"
"631","Mexico","CA",59814,"2009"
"632","Mexico","TX",38597,"2009"
"633","Mexico","FL",4407,"2009"
"634","Mexico","NY",1858,"2009"
"635","Mexico","WA.OR",4753,"2009"
"636","Mexico","AZ.NM.NV.UT.CO",19331,"2009"
"637","Mexico","MT.WY.ID.ND.SD.NE",2070,"2009"
"638","Mexico","KS.OK.MO.AR.IA.TN.KY",7081,"2009"
"639","Mexico","LA.MS.AL.GA",4428,"2009"
"640","Mexico","MN.WI.IL",11347,"2009"
"641","Mexico","IN.MI.OH.WV",3026,"2009"
"642","Mexico","SC.NC.VA",4582,"2009"
"643","Mexico","MD.DC.DE.PA.NJ",2751,"2009"
"644","Mexico","CT.RI.MA.NH.VT.ME",625,"2009"
"645","Mexico","Other",249,"2009"
"646","India","CA",12826,"2009"
"647","India","TX",4716,"2009"
"648","India","FL",1675,"2009"
"649","India","NY",4410,"2009"
"650","India","WA.OR",2066,"2009"
"651","India","AZ.NM.NV.UT.CO",1329,"2009"
"652","India","MT.WY.ID.ND.SD.NE",217,"2009"
"653","India","KS.OK.MO.AR.IA.TN.KY",2139,"2009"
"654","India","LA.MS.AL.GA",2593,"2009"
"655","India","MN.WI.IL",5051,"2009"
"656","India","IN.MI.OH.WV",3107,"2009"
"657","India","SC.NC.VA",3279,"2009"
"658","India","MD.DC.DE.PA.NJ",11015,"2009"
"659","India","CT.RI.MA.NH.VT.ME",2814,"2009"
"660","India","Other",51,"2009"
"661","China","CA",17139,"2009"
"662","China","TX",2616,"2009"
"663","China","FL",1366,"2009"
"664","China","NY",19921,"2009"
"665","China","WA.OR",1928,"2009"
"666","China","AZ.NM.NV.UT.CO",1798,"2009"
"667","China","MT.WY.ID.ND.SD.NE",330,"2009"
"668","China","KS.OK.MO.AR.IA.TN.KY",1680,"2009"
"669","China","LA.MS.AL.GA",1429,"2009"
"670","China","MN.WI.IL",2624,"2009"
"671","China","IN.MI.OH.WV",1977,"2009"
"672","China","SC.NC.VA",2045,"2009"
"673","China","MD.DC.DE.PA.NJ",5288,"2009"
"674","China","CT.RI.MA.NH.VT.ME",3188,"2009"
"675","China","Other",840,"2009"
"676","Africa","CA",7138,"2010"
"677","Africa","TX",8474,"2010"
"678","Africa","FL",2744,"2010"
"679","Africa","NY",10513,"2010"
"680","Africa","WA.OR",3507,"2010"
"681","Africa","AZ.NM.NV.UT.CO",4784,"2010"
"682","Africa","MT.WY.ID.ND.SD.NE",1758,"2010"
"683","Africa","KS.OK.MO.AR.IA.TN.KY",6144,"2010"
"684","Africa","LA.MS.AL.GA",5678,"2010"
"685","Africa","MN.WI.IL",8831,"2010"
"686","Africa","IN.MI.OH.WV",6073,"2010"
"687","Africa","SC.NC.VA",8554,"2010"
"688","Africa","MD.DC.DE.PA.NJ",18989,"2010"
"689","Africa","CT.RI.MA.NH.VT.ME",7960,"2010"
"690","Africa","Other",186,"2010"
"691","Asia Other","CA",80539,"2010"
"692","Asia Other","TX",21204,"2010"
"693","Asia Other","FL",9426,"2010"
"694","Asia Other","NY",31855,"2010"
"695","Asia Other","WA.OR",10676,"2010"
"696","Asia Other","AZ.NM.NV.UT.CO",14419,"2010"
"697","Asia Other","MT.WY.ID.ND.SD.NE",3497,"2010"
"698","Asia Other","KS.OK.MO.AR.IA.TN.KY",11286,"2010"
"699","Asia Other","LA.MS.AL.GA",9720,"2010"
"700","Asia Other","MN.WI.IL",14494,"2010"
"701","Asia Other","IN.MI.OH.WV",16684,"2010"
"702","Asia Other","SC.NC.VA",15659,"2010"
"703","Asia Other","MD.DC.DE.PA.NJ",24089,"2010"
"704","Asia Other","CT.RI.MA.NH.VT.ME",10164,"2010"
"705","Asia Other","Other",7881,"2010"
"706","Europe","CA",12202,"2010"
"707","Europe","TX",4158,"2010"
"708","Europe","FL",7363,"2010"
"709","Europe","NY",14269,"2010"
"710","Europe","WA.OR",4220,"2010"
"711","Europe","AZ.NM.NV.UT.CO",4078,"2010"
"712","Europe","MT.WY.ID.ND.SD.NE",712,"2010"
"713","Europe","KS.OK.MO.AR.IA.TN.KY",3033,"2010"
"714","Europe","LA.MS.AL.GA",2928,"2010"
"715","Europe","MN.WI.IL",9115,"2010"
"716","Europe","IN.MI.OH.WV",4902,"2010"
"717","Europe","SC.NC.VA",4154,"2010"
"718","Europe","MD.DC.DE.PA.NJ",10423,"2010"
"719","Europe","CT.RI.MA.NH.VT.ME",6496,"2010"
"720","Europe","Other",675,"2010"
"721","N.Amer. Other","CA",15475,"2010"
"722","N.Amer. Other","TX",7312,"2010"
"723","N.Amer. Other","FL",56417,"2010"
"724","N.Amer. Other","NY",47830,"2010"
"725","N.Amer. Other","WA.OR",1849,"2010"
"726","N.Amer. Other","AZ.NM.NV.UT.CO",4217,"2010"
"727","N.Amer. Other","MT.WY.ID.ND.SD.NE",971,"2010"
"728","N.Amer. Other","KS.OK.MO.AR.IA.TN.KY",3438,"2010"
"729","N.Amer. Other","LA.MS.AL.GA",4804,"2010"
"730","N.Amer. Other","MN.WI.IL",2850,"2010"
"731","N.Amer. Other","IN.MI.OH.WV",2810,"2010"
"732","N.Amer. Other","SC.NC.VA",6173,"2010"
"733","N.Amer. Other","MD.DC.DE.PA.NJ",24870,"2010"
"734","N.Amer. Other","CT.RI.MA.NH.VT.ME",13799,"2010"
"735","N.Amer. Other","Other",3744,"2010"
"736","Oceania","CA",1893,"2010"
"737","Oceania","TX",220,"2010"
"738","Oceania","FL",169,"2010"
"739","Oceania","NY",408,"2010"
"740","Oceania","WA.OR",500,"2010"
"741","Oceania","AZ.NM.NV.UT.CO",531,"2010"
"742","Oceania","MT.WY.ID.ND.SD.NE",46,"2010"
"743","Oceania","KS.OK.MO.AR.IA.TN.KY",212,"2010"
"744","Oceania","LA.MS.AL.GA",118,"2010"
"745","Oceania","MN.WI.IL",183,"2010"
"746","Oceania","IN.MI.OH.WV",187,"2010"
"747","Oceania","SC.NC.VA",203,"2010"
"748","Oceania","MD.DC.DE.PA.NJ",274,"2010"
"749","Oceania","CT.RI.MA.NH.VT.ME",169,"2010"
"750","Oceania","Other",215,"2010"
"751","S.Amer.","CA",6557,"2010"
"752","S.Amer.","TX",4430,"2010"
"753","S.Amer.","FL",24271,"2010"
"754","S.Amer.","NY",16580,"2010"
"755","S.Amer.","WA.OR",898,"2010"
"756","S.Amer.","AZ.NM.NV.UT.CO",2647,"2010"
"757","S.Amer.","MT.WY.ID.ND.SD.NE",345,"2010"
"758","S.Amer.","KS.OK.MO.AR.IA.TN.KY",1523,"2010"
"759","S.Amer.","LA.MS.AL.GA",2859,"2010"
"760","S.Amer.","MN.WI.IL",2268,"2010"
"761","S.Amer.","IN.MI.OH.WV",1340,"2010"
"762","S.Amer.","SC.NC.VA",4380,"2010"
"763","S.Amer.","MD.DC.DE.PA.NJ",12592,"2010"
"764","S.Amer.","CT.RI.MA.NH.VT.ME",5763,"2010"
"765","S.Amer.","Other",709,"2010"
"766","Mexico","CA",50645,"2010"
"767","Mexico","TX",32811,"2010"
"768","Mexico","FL",3113,"2010"
"769","Mexico","NY",2437,"2010"
"770","Mexico","WA.OR",3688,"2010"
"771","Mexico","AZ.NM.NV.UT.CO",16541,"2010"
"772","Mexico","MT.WY.ID.ND.SD.NE",1804,"2010"
"773","Mexico","KS.OK.MO.AR.IA.TN.KY",6551,"2010"
"774","Mexico","LA.MS.AL.GA",3409,"2010"
"775","Mexico","MN.WI.IL",9168,"2010"
"776","Mexico","IN.MI.OH.WV",2667,"2010"
"777","Mexico","SC.NC.VA",3097,"2010"
"778","Mexico","MD.DC.DE.PA.NJ",2378,"2010"
"779","Mexico","CT.RI.MA.NH.VT.ME",583,"2010"
"780","Mexico","Other",226,"2010"
"781","India","CA",15099,"2010"
"782","India","TX",5777,"2010"
"783","India","FL",2019,"2010"
"784","India","NY",5116,"2010"
"785","India","WA.OR",2419,"2010"
"786","India","AZ.NM.NV.UT.CO",1775,"2010"
"787","India","MT.WY.ID.ND.SD.NE",268,"2010"
"788","India","KS.OK.MO.AR.IA.TN.KY",2716,"2010"
"789","India","LA.MS.AL.GA",3255,"2010"
"790","India","MN.WI.IL",6194,"2010"
"791","India","IN.MI.OH.WV",3879,"2010"
"792","India","SC.NC.VA",4339,"2010"
"793","India","MD.DC.DE.PA.NJ",12770,"2010"
"794","India","CT.RI.MA.NH.VT.ME",3454,"2010"
"795","India","Other",66,"2010"
"796","China","CA",18680,"2010"
"797","China","TX",3280,"2010"
"798","China","FL",1620,"2010"
"799","China","NY",18859,"2010"
"800","China","WA.OR",2494,"2010"
"801","China","AZ.NM.NV.UT.CO",2120,"2010"
"802","China","MT.WY.ID.ND.SD.NE",495,"2010"
"803","China","KS.OK.MO.AR.IA.TN.KY",2317,"2010"
"804","China","LA.MS.AL.GA",1831,"2010"
"805","China","MN.WI.IL",3278,"2010"
"806","China","IN.MI.OH.WV",2777,"2010"
"807","China","SC.NC.VA",2477,"2010"
"808","China","MD.DC.DE.PA.NJ",6048,"2010"
"809","China","CT.RI.MA.NH.VT.ME",3670,"2010"
"810","China","Other",794,"2010"
"811","Africa","CA",7047,"2011"
"812","Africa","TX",8459,"2011"
"813","Africa","FL",2601,"2011"
"814","Africa","NY",9952,"2011"
"815","Africa","WA.OR",3868,"2011"
"816","Africa","AZ.NM.NV.UT.CO",5225,"2011"
"817","Africa","MT.WY.ID.ND.SD.NE",1918,"2011"
"818","Africa","KS.OK.MO.AR.IA.TN.KY",6026,"2011"
"819","Africa","LA.MS.AL.GA",6057,"2011"
"820","Africa","MN.WI.IL",8501,"2011"
"821","Africa","IN.MI.OH.WV",5974,"2011"
"822","Africa","SC.NC.VA",8019,"2011"
"823","Africa","MD.DC.DE.PA.NJ",18371,"2011"
"824","Africa","CT.RI.MA.NH.VT.ME",8149,"2011"
"825","Africa","Other",193,"2011"
"826","Asia Other","CA",79909,"2011"
"827","Asia Other","TX",23767,"2011"
"828","Asia Other","FL",9644,"2011"
"829","Asia Other","NY",33738,"2011"
"830","Asia Other","WA.OR",11687,"2011"
"831","Asia Other","AZ.NM.NV.UT.CO",15818,"2011"
"832","Asia Other","MT.WY.ID.ND.SD.NE",3663,"2011"
"833","Asia Other","KS.OK.MO.AR.IA.TN.KY",12818,"2011"
"834","Asia Other","LA.MS.AL.GA",11009,"2011"
"835","Asia Other","MN.WI.IL",15478,"2011"
"836","Asia Other","IN.MI.OH.WV",16928,"2011"
"837","Asia Other","SC.NC.VA",16112,"2011"
"838","Asia Other","MD.DC.DE.PA.NJ",25734,"2011"
"839","Asia Other","CT.RI.MA.NH.VT.ME",10934,"2011"
"840","Asia Other","Other",7893,"2011"
"841","Europe","CA",11544,"2011"
"842","Europe","TX",3940,"2011"
"843","Europe","FL",7325,"2011"
"844","Europe","NY",13052,"2011"
"845","Europe","WA.OR",3674,"2011"
"846","Europe","AZ.NM.NV.UT.CO",3861,"2011"
"847","Europe","MT.WY.ID.ND.SD.NE",724,"2011"
"848","Europe","KS.OK.MO.AR.IA.TN.KY",2636,"2011"
"849","Europe","LA.MS.AL.GA",2784,"2011"
"850","Europe","MN.WI.IL",8507,"2011"
"851","Europe","IN.MI.OH.WV",4673,"2011"
"852","Europe","SC.NC.VA",4255,"2011"
"853","Europe","MD.DC.DE.PA.NJ",9845,"2011"
"854","Europe","CT.RI.MA.NH.VT.ME",6369,"2011"
"855","Europe","Other",642,"2011"
"856","N.Amer. Other","CA",15543,"2011"
"857","N.Amer. Other","TX",7526,"2011"
"858","N.Amer. Other","FL",58094,"2011"
"859","N.Amer. Other","NY",41998,"2011"
"860","N.Amer. Other","WA.OR",1827,"2011"
"861","N.Amer. Other","AZ.NM.NV.UT.CO",4348,"2011"
"862","N.Amer. Other","MT.WY.ID.ND.SD.NE",1036,"2011"
"863","N.Amer. Other","KS.OK.MO.AR.IA.TN.KY",3580,"2011"
"864","N.Amer. Other","LA.MS.AL.GA",4980,"2011"
"865","N.Amer. Other","MN.WI.IL",2829,"2011"
"866","N.Amer. Other","IN.MI.OH.WV",2671,"2011"
"867","N.Amer. Other","SC.NC.VA",5905,"2011"
"868","N.Amer. Other","MD.DC.DE.PA.NJ",23112,"2011"
"869","N.Amer. Other","CT.RI.MA.NH.VT.ME",13391,"2011"
"870","N.Amer. Other","Other",2811,"2011"
"871","Oceania","CA",1857,"2011"
"872","Oceania","TX",238,"2011"
"873","Oceania","FL",174,"2011"
"874","Oceania","NY",379,"2011"
"875","Oceania","WA.OR",365,"2011"
"876","Oceania","AZ.NM.NV.UT.CO",489,"2011"
"877","Oceania","MT.WY.ID.ND.SD.NE",58,"2011"
"878","Oceania","KS.OK.MO.AR.IA.TN.KY",188,"2011"
"879","Oceania","LA.MS.AL.GA",125,"2011"
"880","Oceania","MN.WI.IL",185,"2011"
"881","Oceania","IN.MI.OH.WV",136,"2011"
"882","Oceania","SC.NC.VA",152,"2011"
"883","Oceania","MD.DC.DE.PA.NJ",231,"2011"
"884","Oceania","CT.RI.MA.NH.VT.ME",174,"2011"
"885","Oceania","Other",226,"2011"
"886","S.Amer.","CA",6542,"2011"
"887","S.Amer.","TX",4527,"2011"
"888","S.Amer.","FL",24083,"2011"
"889","S.Amer.","NY",15254,"2011"
"890","S.Amer.","WA.OR",798,"2011"
"891","S.Amer.","AZ.NM.NV.UT.CO",2706,"2011"
"892","S.Amer.","MT.WY.ID.ND.SD.NE",325,"2011"
"893","S.Amer.","KS.OK.MO.AR.IA.TN.KY",1489,"2011"
"894","S.Amer.","LA.MS.AL.GA",3156,"2011"
"895","S.Amer.","MN.WI.IL",2279,"2011"
"896","S.Amer.","IN.MI.OH.WV",1319,"2011"
"897","S.Amer.","SC.NC.VA",4424,"2011"
"898","S.Amer.","MD.DC.DE.PA.NJ",12558,"2011"
"899","S.Amer.","CT.RI.MA.NH.VT.ME",5976,"2011"
"900","S.Amer.","Other",648,"2011"
"901","Mexico","CA",49774,"2011"
"902","Mexico","TX",36648,"2011"
"903","Mexico","FL",3434,"2011"
"904","Mexico","NY",1784,"2011"
"905","Mexico","WA.OR",3908,"2011"
"906","Mexico","AZ.NM.NV.UT.CO",17566,"2011"
"907","Mexico","MT.WY.ID.ND.SD.NE",1821,"2011"
"908","Mexico","KS.OK.MO.AR.IA.TN.KY",6211,"2011"
"909","Mexico","LA.MS.AL.GA",3740,"2011"
"910","Mexico","MN.WI.IL",9259,"2011"
"911","Mexico","IN.MI.OH.WV",2897,"2011"
"912","Mexico","SC.NC.VA",3265,"2011"
"913","Mexico","MD.DC.DE.PA.NJ",2360,"2011"
"914","Mexico","CT.RI.MA.NH.VT.ME",571,"2011"
"915","Mexico","Other",208,"2011"
"916","India","CA",15061,"2011"
"917","India","TX",5907,"2011"
"918","India","FL",1855,"2011"
"919","India","NY",4805,"2011"
"920","India","WA.OR",2655,"2011"
"921","India","AZ.NM.NV.UT.CO",1927,"2011"
"922","India","MT.WY.ID.ND.SD.NE",339,"2011"
"923","India","KS.OK.MO.AR.IA.TN.KY",2516,"2011"
"924","India","LA.MS.AL.GA",3003,"2011"
"925","India","MN.WI.IL",5946,"2011"
"926","India","IN.MI.OH.WV",3856,"2011"
"927","India","SC.NC.VA",4535,"2011"
"928","India","MD.DC.DE.PA.NJ",12891,"2011"
"929","India","CT.RI.MA.NH.VT.ME",3661,"2011"
"930","India","Other",50,"2011"
"931","China","CA",23117,"2011"
"932","China","TX",3365,"2011"
"933","China","FL",1910,"2011"
"934","China","NY",27358,"2011"
"935","China","WA.OR",2684,"2011"
"936","China","AZ.NM.NV.UT.CO",2545,"2011"
"937","China","MT.WY.ID.ND.SD.NE",457,"2011"
"938","China","KS.OK.MO.AR.IA.TN.KY",2293,"2011"
"939","China","LA.MS.AL.GA",2042,"2011"
"940","China","MN.WI.IL",3825,"2011"
"941","China","IN.MI.OH.WV",2710,"2011"
"942","China","SC.NC.VA",2818,"2011"
"943","China","MD.DC.DE.PA.NJ",6568,"2011"
"944","China","CT.RI.MA.NH.VT.ME",4128,"2011"
"945","China","Other",1111,"2011"
"946","Africa","CA",7150,"2012"
"947","Africa","TX",9513,"2012"
"948","Africa","FL",2614,"2012"
"949","Africa","NY",12557,"2012"
"950","Africa","WA.OR",3956,"2012"
"951","Africa","AZ.NM.NV.UT.CO",5526,"2012"
"952","Africa","MT.WY.ID.ND.SD.NE",1914,"2012"
"953","Africa","KS.OK.MO.AR.IA.TN.KY",6255,"2012"
"954","Africa","LA.MS.AL.GA",5961,"2012"
"955","Africa","MN.WI.IL",9446,"2012"
"956","Africa","IN.MI.OH.WV",6423,"2012"
"957","Africa","SC.NC.VA",8575,"2012"
"958","Africa","MD.DC.DE.PA.NJ",18576,"2012"
"959","Africa","CT.RI.MA.NH.VT.ME",8577,"2012"
"960","Africa","Other",184,"2012"
"961","Asia Other","CA",71450,"2012"
"962","Asia Other","TX",23294,"2012"
"963","Asia Other","FL",9551,"2012"
"964","Asia Other","NY",33846,"2012"
"965","Asia Other","WA.OR",10625,"2012"
"966","Asia Other","AZ.NM.NV.UT.CO",13853,"2012"
"967","Asia Other","MT.WY.ID.ND.SD.NE",3833,"2012"
"968","Asia Other","KS.OK.MO.AR.IA.TN.KY",12432,"2012"
"969","Asia Other","LA.MS.AL.GA",10645,"2012"
"970","Asia Other","MN.WI.IL",15555,"2012"
"971","Asia Other","IN.MI.OH.WV",16284,"2012"
"972","Asia Other","SC.NC.VA",15878,"2012"
"973","Asia Other","MD.DC.DE.PA.NJ",25512,"2012"
"974","Asia Other","CT.RI.MA.NH.VT.ME",10582,"2012"
"975","Asia Other","Other",7420,"2012"
"976","Europe","CA",11121,"2012"
"977","Europe","TX",3834,"2012"
"978","Europe","FL",7160,"2012"
"979","Europe","NY",14497,"2012"
"980","Europe","WA.OR",3707,"2012"
"981","Europe","AZ.NM.NV.UT.CO",3452,"2012"
"982","Europe","MT.WY.ID.ND.SD.NE",649,"2012"
"983","Europe","KS.OK.MO.AR.IA.TN.KY",2396,"2012"
"984","Europe","LA.MS.AL.GA",2566,"2012"
"985","Europe","MN.WI.IL",8150,"2012"
"986","Europe","IN.MI.OH.WV",4305,"2012"
"987","Europe","SC.NC.VA",3959,"2012"
"988","Europe","MD.DC.DE.PA.NJ",9195,"2012"
"989","Europe","CT.RI.MA.NH.VT.ME",6090,"2012"
"990","Europe","Other",566,"2012"
"991","N.Amer. Other","CA",13442,"2012"
"992","N.Amer. Other","TX",7275,"2012"
"993","N.Amer. Other","FL",54290,"2012"
"994","N.Amer. Other","NY",41768,"2012"
"995","N.Amer. Other","WA.OR",2006,"2012"
"996","N.Amer. Other","AZ.NM.NV.UT.CO",4175,"2012"
"997","N.Amer. Other","MT.WY.ID.ND.SD.NE",977,"2012"
"998","N.Amer. Other","KS.OK.MO.AR.IA.TN.KY",3510,"2012"
"999","N.Amer. Other","LA.MS.AL.GA",4909,"2012"
"1000","N.Amer. Other","MN.WI.IL",2609,"2012"
"1001","N.Amer. Other","IN.MI.OH.WV",2561,"2012"
"1002","N.Amer. Other","SC.NC.VA",6138,"2012"
"1003","N.Amer. Other","MD.DC.DE.PA.NJ",21325,"2012"
"1004","N.Amer. Other","CT.RI.MA.NH.VT.ME",12914,"2012"
"1005","N.Amer. Other","Other",2665,"2012"
"1006","Oceania","CA",1732,"2012"
"1007","Oceania","TX",226,"2012"
"1008","Oceania","FL",175,"2012"
"1009","Oceania","NY",414,"2012"
"1010","Oceania","WA.OR",374,"2012"
"1011","Oceania","AZ.NM.NV.UT.CO",439,"2012"
"1012","Oceania","MT.WY.ID.ND.SD.NE",48,"2012"
"1013","Oceania","KS.OK.MO.AR.IA.TN.KY",175,"2012"
"1014","Oceania","LA.MS.AL.GA",80,"2012"
"1015","Oceania","MN.WI.IL",160,"2012"
"1016","Oceania","IN.MI.OH.WV",138,"2012"
"1017","Oceania","SC.NC.VA",154,"2012"
"1018","Oceania","MD.DC.DE.PA.NJ",229,"2012"
"1019","Oceania","CT.RI.MA.NH.VT.ME",176,"2012"
"1020","Oceania","Other",213,"2012"
"1021","S.Amer.","CA",5620,"2012"
"1022","S.Amer.","TX",4431,"2012"
"1023","S.Amer.","FL",21974,"2012"
"1024","S.Amer.","NY",14766,"2012"
"1025","S.Amer.","WA.OR",774,"2012"
"1026","S.Amer.","AZ.NM.NV.UT.CO",2442,"2012"
"1027","S.Amer.","MT.WY.ID.ND.SD.NE",283,"2012"
"1028","S.Amer.","KS.OK.MO.AR.IA.TN.KY",1381,"2012"
"1029","S.Amer.","LA.MS.AL.GA",2809,"2012"
"1030","S.Amer.","MN.WI.IL",2017,"2012"
"1031","S.Amer.","IN.MI.OH.WV",1188,"2012"
"1032","S.Amer.","SC.NC.VA",4556,"2012"
"1033","S.Amer.","MD.DC.DE.PA.NJ",10817,"2012"
"1034","S.Amer.","CT.RI.MA.NH.VT.ME",5681,"2012"
"1035","S.Amer.","Other",637,"2012"
"1036","Mexico","CA",49595,"2012"
"1037","Mexico","TX",37852,"2012"
"1038","Mexico","FL",3505,"2012"
"1039","Mexico","NY",1910,"2012"
"1040","Mexico","WA.OR",4064,"2012"
"1041","Mexico","AZ.NM.NV.UT.CO",17451,"2012"
"1042","Mexico","MT.WY.ID.ND.SD.NE",1972,"2012"
"1043","Mexico","KS.OK.MO.AR.IA.TN.KY",6369,"2012"
"1044","Mexico","LA.MS.AL.GA",4205,"2012"
"1045","Mexico","MN.WI.IL",10021,"2012"
"1046","Mexico","IN.MI.OH.WV",3024,"2012"
"1047","Mexico","SC.NC.VA",3307,"2012"
"1048","Mexico","MD.DC.DE.PA.NJ",2288,"2012"
"1049","Mexico","CT.RI.MA.NH.VT.ME",611,"2012"
"1050","Mexico","Other",230,"2012"
"1051","India","CA",13951,"2012"
"1052","India","TX",5844,"2012"
"1053","India","FL",1937,"2012"
"1054","India","NY",4621,"2012"
"1055","India","WA.OR",2637,"2012"
"1056","India","AZ.NM.NV.UT.CO",1942,"2012"
"1057","India","MT.WY.ID.ND.SD.NE",334,"2012"
"1058","India","KS.OK.MO.AR.IA.TN.KY",2645,"2012"
"1059","India","LA.MS.AL.GA",2931,"2012"
"1060","India","MN.WI.IL",5907,"2012"
"1061","India","IN.MI.OH.WV",3963,"2012"
"1062","India","SC.NC.VA",4283,"2012"
"1063","India","MD.DC.DE.PA.NJ",11895,"2012"
"1064","India","CT.RI.MA.NH.VT.ME",3490,"2012"
"1065","India","Other",46,"2012"
"1066","China","CA",22424,"2012"
"1067","China","TX",3203,"2012"
"1068","China","FL",1755,"2012"
"1069","China","NY",24956,"2012"
"1070","China","WA.OR",2689,"2012"
"1071","China","AZ.NM.NV.UT.CO",2437,"2012"
"1072","China","MT.WY.ID.ND.SD.NE",391,"2012"
"1073","China","KS.OK.MO.AR.IA.TN.KY",2317,"2012"
"1074","China","LA.MS.AL.GA",1869,"2012"
"1075","China","MN.WI.IL",3394,"2012"
"1076","China","IN.MI.OH.WV",2592,"2012"
"1077","China","SC.NC.VA",2709,"2012"
"1078","China","MD.DC.DE.PA.NJ",5841,"2012"
"1079","China","CT.RI.MA.NH.VT.ME",4111,"2012"
"1080","China","Other",1031,"2012"
"1081","Africa","CA",7321,"2013"
"1082","Africa","TX",8901,"2013"
"1083","Africa","FL",2730,"2013"
"1084","Africa","NY",10486,"2013"
"1085","Africa","WA.OR",3543,"2013"
"1086","Africa","AZ.NM.NV.UT.CO",4412,"2013"
"1087","Africa","MT.WY.ID.ND.SD.NE",1513,"2013"
"1088","Africa","KS.OK.MO.AR.IA.TN.KY",6033,"2013"
"1089","Africa","LA.MS.AL.GA",5222,"2013"
"1090","Africa","MN.WI.IL",8326,"2013"
"1091","Africa","IN.MI.OH.WV",6037,"2013"
"1092","Africa","SC.NC.VA",7821,"2013"
"1093","Africa","MD.DC.DE.PA.NJ",18479,"2013"
"1094","Africa","CT.RI.MA.NH.VT.ME",7280,"2013"
"1095","Africa","Other",193,"2013"
"1096","Asia Other","CA",68595,"2013"
"1097","Asia Other","TX",21039,"2013"
"1098","Asia Other","FL",9414,"2013"
"1099","Asia Other","NY",29402,"2013"
"1100","Asia Other","WA.OR",10112,"2013"
"1101","Asia Other","AZ.NM.NV.UT.CO",11709,"2013"
"1102","Asia Other","MT.WY.ID.ND.SD.NE",3480,"2013"
"1103","Asia Other","KS.OK.MO.AR.IA.TN.KY",11375,"2013"
"1104","Asia Other","LA.MS.AL.GA",9834,"2013"
"1105","Asia Other","MN.WI.IL",14575,"2013"
"1106","Asia Other","IN.MI.OH.WV",15211,"2013"
"1107","Asia Other","SC.NC.VA",15150,"2013"
"1108","Asia Other","MD.DC.DE.PA.NJ",23944,"2013"
"1109","Asia Other","CT.RI.MA.NH.VT.ME",9204,"2013"
"1110","Asia Other","Other",6885,"2013"
"1111","Europe","CA",12861,"2013"
"1112","Europe","TX",4304,"2013"
"1113","Europe","FL",7983,"2013"
"1114","Europe","NY",13630,"2013"
"1115","Europe","WA.OR",3961,"2013"
"1116","Europe","AZ.NM.NV.UT.CO",3539,"2013"
"1117","Europe","MT.WY.ID.ND.SD.NE",706,"2013"
"1118","Europe","KS.OK.MO.AR.IA.TN.KY",2726,"2013"
"1119","Europe","LA.MS.AL.GA",2721,"2013"
"1120","Europe","MN.WI.IL",8460,"2013"
"1121","Europe","IN.MI.OH.WV",4428,"2013"
"1122","Europe","SC.NC.VA",4332,"2013"
"1123","Europe","MD.DC.DE.PA.NJ",9980,"2013"
"1124","Europe","CT.RI.MA.NH.VT.ME",6350,"2013"
"1125","Europe","Other",546,"2013"
"1126","N.Amer. Other","CA",14781,"2013"
"1127","N.Amer. Other","TX",8082,"2013"
"1128","N.Amer. Other","FL",53431,"2013"
"1129","N.Amer. Other","NY",38408,"2013"
"1130","N.Amer. Other","WA.OR",2053,"2013"
"1131","N.Amer. Other","AZ.NM.NV.UT.CO",4005,"2013"
"1132","N.Amer. Other","MT.WY.ID.ND.SD.NE",1020,"2013"
"1133","N.Amer. Other","KS.OK.MO.AR.IA.TN.KY",3687,"2013"
"1134","N.Amer. Other","LA.MS.AL.GA",4757,"2013"
"1135","N.Amer. Other","MN.WI.IL",2912,"2013"
"1136","N.Amer. Other","IN.MI.OH.WV",2617,"2013"
"1137","N.Amer. Other","SC.NC.VA",6587,"2013"
"1138","N.Amer. Other","MD.DC.DE.PA.NJ",22928,"2013"
"1139","N.Amer. Other","CT.RI.MA.NH.VT.ME",12126,"2013"
"1140","N.Amer. Other","Other",2484,"2013"
"1141","Oceania","CA",1857,"2013"
"1142","Oceania","TX",280,"2013"
"1143","Oceania","FL",177,"2013"
"1144","Oceania","NY",484,"2013"
"1145","Oceania","WA.OR",448,"2013"
"1146","Oceania","AZ.NM.NV.UT.CO",449,"2013"
"1147","Oceania","MT.WY.ID.ND.SD.NE",52,"2013"
"1148","Oceania","KS.OK.MO.AR.IA.TN.KY",171,"2013"
"1149","Oceania","LA.MS.AL.GA",124,"2013"
"1150","Oceania","MN.WI.IL",182,"2013"
"1151","Oceania","IN.MI.OH.WV",174,"2013"
"1152","Oceania","SC.NC.VA",192,"2013"
"1153","Oceania","MD.DC.DE.PA.NJ",261,"2013"
"1154","Oceania","CT.RI.MA.NH.VT.ME",200,"2013"
"1155","Oceania","Other",177,"2013"
"1156","S.Amer.","CA",5977,"2013"
"1157","S.Amer.","TX",4839,"2013"
"1158","S.Amer.","FL",22236,"2013"
"1159","S.Amer.","NY",14384,"2013"
"1160","S.Amer.","WA.OR",821,"2013"
"1161","S.Amer.","AZ.NM.NV.UT.CO",2448,"2013"
"1162","S.Amer.","MT.WY.ID.ND.SD.NE",300,"2013"
"1163","S.Amer.","KS.OK.MO.AR.IA.TN.KY",1439,"2013"
"1164","S.Amer.","LA.MS.AL.GA",2669,"2013"
"1165","S.Amer.","MN.WI.IL",2271,"2013"
"1166","S.Amer.","IN.MI.OH.WV",1214,"2013"
"1167","S.Amer.","SC.NC.VA",4487,"2013"
"1168","S.Amer.","MD.DC.DE.PA.NJ",11801,"2013"
"1169","S.Amer.","CT.RI.MA.NH.VT.ME",5445,"2013"
"1170","S.Amer.","Other",578,"2013"
"1171","Mexico","CA",45908,"2013"
"1172","Mexico","TX",35136,"2013"
"1173","Mexico","FL",3146,"2013"
"1174","Mexico","NY",1689,"2013"
"1175","Mexico","WA.OR",4042,"2013"
"1176","Mexico","AZ.NM.NV.UT.CO",15917,"2013"
"1177","Mexico","MT.WY.ID.ND.SD.NE",1875,"2013"
"1178","Mexico","KS.OK.MO.AR.IA.TN.KY",6123,"2013"
"1179","Mexico","LA.MS.AL.GA",3722,"2013"
"1180","Mexico","MN.WI.IL",8653,"2013"
"1181","Mexico","IN.MI.OH.WV",2786,"2013"
"1182","Mexico","SC.NC.VA",3095,"2013"
"1183","Mexico","MD.DC.DE.PA.NJ",2184,"2013"
"1184","Mexico","CT.RI.MA.NH.VT.ME",539,"2013"
"1185","Mexico","Other",210,"2013"
"1186","India","CA",13735,"2013"
"1187","India","TX",6499,"2013"
"1188","India","FL",2014,"2013"
"1189","India","NY",4445,"2013"
"1190","India","WA.OR",2684,"2013"
"1191","India","AZ.NM.NV.UT.CO",1641,"2013"
"1192","India","MT.WY.ID.ND.SD.NE",316,"2013"
"1193","India","KS.OK.MO.AR.IA.TN.KY",2818,"2013"
"1194","India","LA.MS.AL.GA",3222,"2013"
"1195","India","MN.WI.IL",5965,"2013"
"1196","India","IN.MI.OH.WV",4305,"2013"
"1197","India","SC.NC.VA",4551,"2013"
"1198","India","MD.DC.DE.PA.NJ",12822,"2013"
"1199","India","CT.RI.MA.NH.VT.ME",3389,"2013"
"1200","India","Other",34,"2013"
"1201","China","CA",20134,"2013"
"1202","China","TX",3281,"2013"
"1203","China","FL",1595,"2013"
"1204","China","NY",20218,"2013"
"1205","China","WA.OR",2414,"2013"
"1206","China","AZ.NM.NV.UT.CO",1996,"2013"
"1207","China","MT.WY.ID.ND.SD.NE",368,"2013"
"1208","China","KS.OK.MO.AR.IA.TN.KY",2047,"2013"
"1209","China","LA.MS.AL.GA",1913,"2013"
"1210","China","MN.WI.IL",3137,"2013"
"1211","China","IN.MI.OH.WV",2281,"2013"
"1212","China","SC.NC.VA",2563,"2013"
"1213","China","MD.DC.DE.PA.NJ",5627,"2013"
"1214","China","CT.RI.MA.NH.VT.ME",3390,"2013"
"1215","China","Other",759,"2013"
"1216","Africa","CA",7199,"2014"
"1217","Africa","TX",9150,"2014"
"1218","Africa","FL",2907,"2014"
"1219","Africa","NY",9889,"2014"
"1220","Africa","WA.OR",3388,"2014"
"1221","Africa","AZ.NM.NV.UT.CO",4436,"2014"
"1222","Africa","MT.WY.ID.ND.SD.NE",1834,"2014"
"1223","Africa","KS.OK.MO.AR.IA.TN.KY",6181,"2014"
"1224","Africa","LA.MS.AL.GA",5025,"2014"
"1225","Africa","MN.WI.IL",9805,"2014"
"1226","Africa","IN.MI.OH.WV",5822,"2014"
"1227","Africa","SC.NC.VA",7852,"2014"
"1228","Africa","MD.DC.DE.PA.NJ",17860,"2014"
"1229","Africa","CT.RI.MA.NH.VT.ME",6843,"2014"
"1230","Africa","Other",220,"2014"
"1231","Asia Other","CA",71568,"2014"
"1232","Asia Other","TX",24209,"2014"
"1233","Asia Other","FL",9568,"2014"
"1234","Asia Other","NY",32945,"2014"
"1235","Asia Other","WA.OR",10383,"2014"
"1236","Asia Other","AZ.NM.NV.UT.CO",12879,"2014"
"1237","Asia Other","MT.WY.ID.ND.SD.NE",3630,"2014"
"1238","Asia Other","KS.OK.MO.AR.IA.TN.KY",11818,"2014"
"1239","Asia Other","LA.MS.AL.GA",9772,"2014"
"1240","Asia Other","MN.WI.IL",14910,"2014"
"1241","Asia Other","IN.MI.OH.WV",17928,"2014"
"1242","Asia Other","SC.NC.VA",16596,"2014"
"1243","Asia Other","MD.DC.DE.PA.NJ",23580,"2014"
"1244","Asia Other","CT.RI.MA.NH.VT.ME",10070,"2014"
"1245","Asia Other","Other",6655,"2014"
"1246","Europe","CA",12567,"2014"
"1247","Europe","TX",4083,"2014"
"1248","Europe","FL",8266,"2014"
"1249","Europe","NY",14217,"2014"
"1250","Europe","WA.OR",3174,"2014"
"1251","Europe","AZ.NM.NV.UT.CO",3522,"2014"
"1252","Europe","MT.WY.ID.ND.SD.NE",573,"2014"
"1253","Europe","KS.OK.MO.AR.IA.TN.KY",2406,"2014"
"1254","Europe","LA.MS.AL.GA",2505,"2014"
"1255","Europe","MN.WI.IL",7761,"2014"
"1256","Europe","IN.MI.OH.WV",4123,"2014"
"1257","Europe","SC.NC.VA",4175,"2014"
"1258","Europe","MD.DC.DE.PA.NJ",9340,"2014"
"1259","Europe","CT.RI.MA.NH.VT.ME",5957,"2014"
"1260","Europe","Other",588,"2014"
"1261","N.Amer. Other","CA",14792,"2014"
"1262","N.Amer. Other","TX",9271,"2014"
"1263","N.Amer. Other","FL",60822,"2014"
"1264","N.Amer. Other","NY",40695,"2014"
"1265","N.Amer. Other","WA.OR",1962,"2014"
"1266","N.Amer. Other","AZ.NM.NV.UT.CO",4425,"2014"
"1267","N.Amer. Other","MT.WY.ID.ND.SD.NE",1119,"2014"
"1268","N.Amer. Other","KS.OK.MO.AR.IA.TN.KY",3975,"2014"
"1269","N.Amer. Other","LA.MS.AL.GA",4642,"2014"
"1270","N.Amer. Other","MN.WI.IL",2538,"2014"
"1271","N.Amer. Other","IN.MI.OH.WV",2642,"2014"
"1272","N.Amer. Other","SC.NC.VA",6398,"2014"
"1273","N.Amer. Other","MD.DC.DE.PA.NJ",21734,"2014"
"1274","N.Amer. Other","CT.RI.MA.NH.VT.ME",12266,"2014"
"1275","N.Amer. Other","Other",3022,"2014"
"1276","Oceania","CA",1781,"2014"
"1277","Oceania","TX",278,"2014"
"1278","Oceania","FL",169,"2014"
"1279","Oceania","NY",560,"2014"
"1280","Oceania","WA.OR",360,"2014"
"1281","Oceania","AZ.NM.NV.UT.CO",459,"2014"
"1282","Oceania","MT.WY.ID.ND.SD.NE",35,"2014"
"1283","Oceania","KS.OK.MO.AR.IA.TN.KY",178,"2014"
"1284","Oceania","LA.MS.AL.GA",112,"2014"
"1285","Oceania","MN.WI.IL",205,"2014"
"1286","Oceania","IN.MI.OH.WV",161,"2014"
"1287","Oceania","SC.NC.VA",173,"2014"
"1288","Oceania","MD.DC.DE.PA.NJ",230,"2014"
"1289","Oceania","CT.RI.MA.NH.VT.ME",150,"2014"
"1290","Oceania","Other",218,"2014"
"1291","S.Amer.","CA",5389,"2014"
"1292","S.Amer.","TX",4195,"2014"
"1293","S.Amer.","FL",19646,"2014"
"1294","S.Amer.","NY",15192,"2014"
"1295","S.Amer.","WA.OR",725,"2014"
"1296","S.Amer.","AZ.NM.NV.UT.CO",2106,"2014"
"1297","S.Amer.","MT.WY.ID.ND.SD.NE",263,"2014"
"1298","S.Amer.","KS.OK.MO.AR.IA.TN.KY",1255,"2014"
"1299","S.Amer.","LA.MS.AL.GA",2272,"2014"
"1300","S.Amer.","MN.WI.IL",2032,"2014"
"1301","S.Amer.","IN.MI.OH.WV",1058,"2014"
"1302","S.Amer.","SC.NC.VA",3657,"2014"
"1303","S.Amer.","MD.DC.DE.PA.NJ",10381,"2014"
"1304","S.Amer.","CT.RI.MA.NH.VT.ME",5026,"2014"
"1305","S.Amer.","Other",512,"2014"
"1306","Mexico","CA",45861,"2014"
"1307","Mexico","TX",32831,"2014"
"1308","Mexico","FL",3552,"2014"
"1309","Mexico","NY",2217,"2014"
"1310","Mexico","WA.OR",4416,"2014"
"1311","Mexico","AZ.NM.NV.UT.CO",15615,"2014"
"1312","Mexico","MT.WY.ID.ND.SD.NE",1706,"2014"
"1313","Mexico","KS.OK.MO.AR.IA.TN.KY",6192,"2014"
"1314","Mexico","LA.MS.AL.GA",3566,"2014"
"1315","Mexico","MN.WI.IL",8678,"2014"
"1316","Mexico","IN.MI.OH.WV",2755,"2014"
"1317","Mexico","SC.NC.VA",3426,"2014"
"1318","Mexico","MD.DC.DE.PA.NJ",2342,"2014"
"1319","Mexico","CT.RI.MA.NH.VT.ME",670,"2014"
"1320","Mexico","Other",224,"2014"
"1321","India","CA",15770,"2014"
"1322","India","TX",7490,"2014"
"1323","India","FL",2530,"2014"
"1324","India","NY",5098,"2014"
"1325","India","WA.OR",2851,"2014"
"1326","India","AZ.NM.NV.UT.CO",2017,"2014"
"1327","India","MT.WY.ID.ND.SD.NE",372,"2014"
"1328","India","KS.OK.MO.AR.IA.TN.KY",2922,"2014"
"1329","India","LA.MS.AL.GA",3683,"2014"
"1330","India","MN.WI.IL",7083,"2014"
"1331","India","IN.MI.OH.WV",4678,"2014"
"1332","India","SC.NC.VA",5158,"2014"
"1333","India","MD.DC.DE.PA.NJ",14092,"2014"
"1334","India","CT.RI.MA.NH.VT.ME",4094,"2014"
"1335","India","Other",70,"2014"
"1336","China","CA",23296,"2014"
"1337","China","TX",3614,"2014"
"1338","China","FL",1792,"2014"
"1339","China","NY",20419,"2014"
"1340","China","WA.OR",2791,"2014"
"1341","China","AZ.NM.NV.UT.CO",1875,"2014"
"1342","China","MT.WY.ID.ND.SD.NE",403,"2014"
"1343","China","KS.OK.MO.AR.IA.TN.KY",1917,"2014"
"1344","China","LA.MS.AL.GA",1824,"2014"
"1345","China","MN.WI.IL",3221,"2014"
"1346","China","IN.MI.OH.WV",2400,"2014"
"1347","China","SC.NC.VA",2353,"2014"
"1348","China","MD.DC.DE.PA.NJ",5891,"2014"
"1349","China","CT.RI.MA.NH.VT.ME",3471,"2014"
"1350","China","Other",822,"2014"
"1351","Africa","CA",7335,"2015"
"1352","Africa","TX",9354,"2015"
"1353","Africa","FL",2872,"2015"
"1354","Africa","NY",9697,"2015"
"1355","Africa","WA.OR",3702,"2015"
"1356","Africa","AZ.NM.NV.UT.CO",5000,"2015"
"1357","Africa","MT.WY.ID.ND.SD.NE",2292,"2015"
"1358","Africa","KS.OK.MO.AR.IA.TN.KY",6628,"2015"
"1359","Africa","LA.MS.AL.GA",5429,"2015"
"1360","Africa","MN.WI.IL",10411,"2015"
"1361","Africa","IN.MI.OH.WV",6421,"2015"
"1362","Africa","SC.NC.VA",7839,"2015"
"1363","Africa","MD.DC.DE.PA.NJ",17212,"2015"
"1364","Africa","CT.RI.MA.NH.VT.ME",6928,"2015"
"1365","Africa","Other",283,"2015"
"1366","Asia Other","CA",71378,"2015"
"1367","Asia Other","TX",25117,"2015"
"1368","Asia Other","FL",9813,"2015"
"1369","Asia Other","NY",30730,"2015"
"1370","Asia Other","WA.OR",11276,"2015"
"1371","Asia Other","AZ.NM.NV.UT.CO",13682,"2015"
"1372","Asia Other","MT.WY.ID.ND.SD.NE",4214,"2015"
"1373","Asia Other","KS.OK.MO.AR.IA.TN.KY",12752,"2015"
"1374","Asia Other","LA.MS.AL.GA",10278,"2015"
"1375","Asia Other","MN.WI.IL",16012,"2015"
"1376","Asia Other","IN.MI.OH.WV",18300,"2015"
"1377","Asia Other","SC.NC.VA",16866,"2015"
"1378","Asia Other","MD.DC.DE.PA.NJ",22926,"2015"
"1379","Asia Other","CT.RI.MA.NH.VT.ME",9735,"2015"
"1380","Asia Other","Other",7543,"2015"
"1381","Europe","CA",14635,"2015"
"1382","Europe","TX",4335,"2015"
"1383","Europe","FL",9002,"2015"
"1384","Europe","NY",12162,"2015"
"1385","Europe","WA.OR",3907,"2015"
"1386","Europe","AZ.NM.NV.UT.CO",3559,"2015"
"1387","Europe","MT.WY.ID.ND.SD.NE",766,"2015"
"1388","Europe","KS.OK.MO.AR.IA.TN.KY",2554,"2015"
"1389","Europe","LA.MS.AL.GA",2548,"2015"
"1390","Europe","MN.WI.IL",8860,"2015"
"1391","Europe","IN.MI.OH.WV",4336,"2015"
"1392","Europe","SC.NC.VA",4075,"2015"
"1393","Europe","MD.DC.DE.PA.NJ",8608,"2015"
"1394","Europe","CT.RI.MA.NH.VT.ME",5879,"2015"
"1395","Europe","Other",564,"2015"
"1396","N.Amer. Other","CA",15401,"2015"
"1397","N.Amer. Other","TX",10512,"2015"
"1398","N.Amer. Other","FL",68712,"2015"
"1399","N.Amer. Other","NY",40858,"2015"
"1400","N.Amer. Other","WA.OR",2351,"2015"
"1401","N.Amer. Other","AZ.NM.NV.UT.CO",4966,"2015"
"1402","N.Amer. Other","MT.WY.ID.ND.SD.NE",1246,"2015"
"1403","N.Amer. Other","KS.OK.MO.AR.IA.TN.KY",4442,"2015"
"1404","N.Amer. Other","LA.MS.AL.GA",5452,"2015"
"1405","N.Amer. Other","MN.WI.IL",2750,"2015"
"1406","N.Amer. Other","IN.MI.OH.WV",2943,"2015"
"1407","N.Amer. Other","SC.NC.VA",7272,"2015"
"1408","N.Amer. Other","MD.DC.DE.PA.NJ",23806,"2015"
"1409","N.Amer. Other","CT.RI.MA.NH.VT.ME",13124,"2015"
"1410","N.Amer. Other","Other",3671,"2015"
"1411","Oceania","CA",1989,"2015"
"1412","Oceania","TX",263,"2015"
"1413","Oceania","FL",248,"2015"
"1414","Oceania","NY",435,"2015"
"1415","Oceania","WA.OR",467,"2015"
"1416","Oceania","AZ.NM.NV.UT.CO",279,"2015"
"1417","Oceania","MT.WY.ID.ND.SD.NE",46,"2015"
"1418","Oceania","KS.OK.MO.AR.IA.TN.KY",149,"2015"
"1419","Oceania","LA.MS.AL.GA",123,"2015"
"1420","Oceania","MN.WI.IL",217,"2015"
"1421","Oceania","IN.MI.OH.WV",165,"2015"
"1422","Oceania","SC.NC.VA",154,"2015"
"1423","Oceania","MD.DC.DE.PA.NJ",234,"2015"
"1424","Oceania","CT.RI.MA.NH.VT.ME",152,"2015"
"1425","Oceania","Other",206,"2015"
"1426","S.Amer.","CA",5621,"2015"
"1427","S.Amer.","TX",3983,"2015"
"1428","S.Amer.","FL",20117,"2015"
"1429","S.Amer.","NY",13013,"2015"
"1430","S.Amer.","WA.OR",871,"2015"
"1431","S.Amer.","AZ.NM.NV.UT.CO",2309,"2015"
"1432","S.Amer.","MT.WY.ID.ND.SD.NE",309,"2015"
"1433","S.Amer.","KS.OK.MO.AR.IA.TN.KY",1326,"2015"
"1434","S.Amer.","LA.MS.AL.GA",2441,"2015"
"1435","S.Amer.","MN.WI.IL",2154,"2015"
"1436","S.Amer.","IN.MI.OH.WV",1157,"2015"
"1437","S.Amer.","SC.NC.VA",3714,"2015"
"1438","S.Amer.","MD.DC.DE.PA.NJ",9842,"2015"
"1439","S.Amer.","CT.RI.MA.NH.VT.ME",4912,"2015"
"1440","S.Amer.","Other",539,"2015"
"1441","Mexico","CA",55166,"2015"
"1442","Mexico","TX",36684,"2015"
"1443","Mexico","FL",4073,"2015"
"1444","Mexico","NY",2202,"2015"
"1445","Mexico","WA.OR",5203,"2015"
"1446","Mexico","AZ.NM.NV.UT.CO",18329,"2015"
"1447","Mexico","MT.WY.ID.ND.SD.NE",2090,"2015"
"1448","Mexico","KS.OK.MO.AR.IA.TN.KY",7055,"2015"
"1449","Mexico","LA.MS.AL.GA",4706,"2015"
"1450","Mexico","MN.WI.IL",11795,"2015"
"1451","Mexico","IN.MI.OH.WV",3619,"2015"
"1452","Mexico","SC.NC.VA",4119,"2015"
"1453","Mexico","MD.DC.DE.PA.NJ",2624,"2015"
"1454","Mexico","CT.RI.MA.NH.VT.ME",673,"2015"
"1455","Mexico","Other",282,"2015"
"1456","India","CA",12925,"2015"
"1457","India","TX",6084,"2015"
"1458","India","FL",1972,"2015"
"1459","India","NY",4319,"2015"
"1460","India","WA.OR",2388,"2015"
"1461","India","AZ.NM.NV.UT.CO",1776,"2015"
"1462","India","MT.WY.ID.ND.SD.NE",278,"2015"
"1463","India","KS.OK.MO.AR.IA.TN.KY",2417,"2015"
"1464","India","LA.MS.AL.GA",3184,"2015"
"1465","India","MN.WI.IL",6253,"2015"
"1466","India","IN.MI.OH.WV",4151,"2015"
"1467","India","SC.NC.VA",3909,"2015"
"1468","India","MD.DC.DE.PA.NJ",11394,"2015"
"1469","India","CT.RI.MA.NH.VT.ME",2993,"2015"
"1470","India","Other",74,"2015"
"1471","China","CA",25030,"2015"
"1472","China","TX",3368,"2015"
"1473","China","FL",2028,"2015"
"1474","China","NY",16449,"2015"
"1475","China","WA.OR",3248,"2015"
"1476","China","AZ.NM.NV.UT.CO",2087,"2015"
"1477","China","MT.WY.ID.ND.SD.NE",432,"2015"
"1478","China","KS.OK.MO.AR.IA.TN.KY",1983,"2015"
"1479","China","LA.MS.AL.GA",1933,"2015"
"1480","China","MN.WI.IL",3378,"2015"
"1481","China","IN.MI.OH.WV",2246,"2015"
"1482","China","SC.NC.VA",2552,"2015"
"1483","China","MD.DC.DE.PA.NJ",5822,"2015"
"1484","China","CT.RI.MA.NH.VT.ME",3238,"2015"
"1485","China","Other",764,"2015"
"1486","Africa","CA",7636,"2016"
"1487","Africa","TX",10375,"2016"
"1488","Africa","FL",3083,"2016"
"1489","Africa","NY",10949,"2016"
"1490","Africa","WA.OR",4219,"2016"
"1491","Africa","AZ.NM.NV.UT.CO",5624,"2016"
"1492","Africa","MT.WY.ID.ND.SD.NE",2306,"2016"
"1493","Africa","KS.OK.MO.AR.IA.TN.KY",7684,"2016"
"1494","Africa","LA.MS.AL.GA",5872,"2016"
"1495","Africa","MN.WI.IL",11841,"2016"
"1496","Africa","IN.MI.OH.WV",7738,"2016"
"1497","Africa","SC.NC.VA",8303,"2016"
"1498","Africa","MD.DC.DE.PA.NJ",18754,"2016"
"1499","Africa","CT.RI.MA.NH.VT.ME",8732,"2016"
"1500","Africa","Other",310,"2016"
"1501","Asia Other","CA",78509,"2016"
"1502","Asia Other","TX",27936,"2016"
"1503","Asia Other","FL",10739,"2016"
"1504","Asia Other","NY",39599,"2016"
"1505","Asia Other","WA.OR",12751,"2016"
"1506","Asia Other","AZ.NM.NV.UT.CO",13867,"2016"
"1507","Asia Other","MT.WY.ID.ND.SD.NE",4147,"2016"
"1508","Asia Other","KS.OK.MO.AR.IA.TN.KY",14197,"2016"
"1509","Asia Other","LA.MS.AL.GA",12883,"2016"
"1510","Asia Other","MN.WI.IL",16538,"2016"
"1511","Asia Other","IN.MI.OH.WV",22238,"2016"
"1512","Asia Other","SC.NC.VA",18446,"2016"
"1513","Asia Other","MD.DC.DE.PA.NJ",24651,"2016"
"1514","Asia Other","CT.RI.MA.NH.VT.ME",11130,"2016"
"1515","Asia Other","Other",8209,"2016"
"1516","Europe","CA",14480,"2016"
"1517","Europe","TX",4664,"2016"
"1518","Europe","FL",9177,"2016"
"1519","Europe","NY",14743,"2016"
"1520","Europe","WA.OR",4456,"2016"
"1521","Europe","AZ.NM.NV.UT.CO",3768,"2016"
"1522","Europe","MT.WY.ID.ND.SD.NE",753,"2016"
"1523","Europe","KS.OK.MO.AR.IA.TN.KY",2581,"2016"
"1524","Europe","LA.MS.AL.GA",2785,"2016"
"1525","Europe","MN.WI.IL",9331,"2016"
"1526","Europe","IN.MI.OH.WV",4986,"2016"
"1527","Europe","SC.NC.VA",4477,"2016"
"1528","Europe","MD.DC.DE.PA.NJ",9604,"2016"
"1529","Europe","CT.RI.MA.NH.VT.ME",7096,"2016"
"1530","Europe","Other",666,"2016"
"1531","N.Amer. Other","CA",17058,"2016"
"1532","N.Amer. Other","TX",13630,"2016"
"1533","N.Amer. Other","FL",83016,"2016"
"1534","N.Amer. Other","NY",49860,"2016"
"1535","N.Amer. Other","WA.OR",2494,"2016"
"1536","N.Amer. Other","AZ.NM.NV.UT.CO",6095,"2016"
"1537","N.Amer. Other","MT.WY.ID.ND.SD.NE",1531,"2016"
"1538","N.Amer. Other","KS.OK.MO.AR.IA.TN.KY",5765,"2016"
"1539","N.Amer. Other","LA.MS.AL.GA",7021,"2016"
"1540","N.Amer. Other","MN.WI.IL",3281,"2016"
"1541","N.Amer. Other","IN.MI.OH.WV",3767,"2016"
"1542","N.Amer. Other","SC.NC.VA",8512,"2016"
"1543","N.Amer. Other","MD.DC.DE.PA.NJ",29324,"2016"
"1544","N.Amer. Other","CT.RI.MA.NH.VT.ME",16905,"2016"
"1545","N.Amer. Other","Other",4500,"2016"
"1546","Oceania","CA",1927,"2016"
"1547","Oceania","TX",299,"2016"
"1548","Oceania","FL",216,"2016"
"1549","Oceania","NY",522,"2016"
"1550","Oceania","WA.OR",486,"2016"
"1551","Oceania","AZ.NM.NV.UT.CO",500,"2016"
"1552","Oceania","MT.WY.ID.ND.SD.NE",58,"2016"
"1553","Oceania","KS.OK.MO.AR.IA.TN.KY",176,"2016"
"1554","Oceania","LA.MS.AL.GA",142,"2016"
"1555","Oceania","MN.WI.IL",223,"2016"
"1556","Oceania","IN.MI.OH.WV",168,"2016"
"1557","Oceania","SC.NC.VA",193,"2016"
"1558","Oceania","MD.DC.DE.PA.NJ",273,"2016"
"1559","Oceania","CT.RI.MA.NH.VT.ME",206,"2016"
"1560","Oceania","Other",199,"2016"
"1561","S.Amer.","CA",5827,"2016"
"1562","S.Amer.","TX",4750,"2016"
"1563","S.Amer.","FL",21490,"2016"
"1564","S.Amer.","NY",14499,"2016"
"1565","S.Amer.","WA.OR",1054,"2016"
"1566","S.Amer.","AZ.NM.NV.UT.CO",2627,"2016"
"1567","S.Amer.","MT.WY.ID.ND.SD.NE",323,"2016"
"1568","S.Amer.","KS.OK.MO.AR.IA.TN.KY",1490,"2016"
"1569","S.Amer.","LA.MS.AL.GA",2776,"2016"
"1570","S.Amer.","MN.WI.IL",2320,"2016"
"1571","S.Amer.","IN.MI.OH.WV",1412,"2016"
"1572","S.Amer.","SC.NC.VA",3846,"2016"
"1573","S.Amer.","MD.DC.DE.PA.NJ",10701,"2016"
"1574","S.Amer.","CT.RI.MA.NH.VT.ME",5868,"2016"
"1575","S.Amer.","Other",625,"2016"
"1576","Mexico","CA",59154,"2016"
"1577","Mexico","TX",39145,"2016"
"1578","Mexico","FL",4425,"2016"
"1579","Mexico","NY",2626,"2016"
"1580","Mexico","WA.OR",6372,"2016"
"1581","Mexico","AZ.NM.NV.UT.CO",21540,"2016"
"1582","Mexico","MT.WY.ID.ND.SD.NE",2281,"2016"
"1583","Mexico","KS.OK.MO.AR.IA.TN.KY",7687,"2016"
"1584","Mexico","LA.MS.AL.GA",5298,"2016"
"1585","Mexico","MN.WI.IL",13050,"2016"
"1586","Mexico","IN.MI.OH.WV",3934,"2016"
"1587","Mexico","SC.NC.VA",4877,"2016"
"1588","Mexico","MD.DC.DE.PA.NJ",3003,"2016"
"1589","Mexico","CT.RI.MA.NH.VT.ME",815,"2016"
"1590","Mexico","Other",327,"2016"
"1591","India","CA",13241,"2016"
"1592","India","TX",6086,"2016"
"1593","India","FL",2023,"2016"
"1594","India","NY",5077,"2016"
"1595","India","WA.OR",2311,"2016"
"1596","India","AZ.NM.NV.UT.CO",1558,"2016"
"1597","India","MT.WY.ID.ND.SD.NE",224,"2016"
"1598","India","KS.OK.MO.AR.IA.TN.KY",2455,"2016"
"1599","India","LA.MS.AL.GA",3373,"2016"
"1600","India","MN.WI.IL",5857,"2016"
"1601","India","IN.MI.OH.WV",3778,"2016"
"1602","India","SC.NC.VA",3872,"2016"
"1603","India","MD.DC.DE.PA.NJ",11668,"2016"
"1604","India","CT.RI.MA.NH.VT.ME",3095,"2016"
"1605","India","Other",69,"2016"
"1606","China","CA",25110,"2016"
"1607","China","TX",3663,"2016"
"1608","China","FL",2048,"2016"
"1609","China","NY",21790,"2016"
"1610","China","WA.OR",3177,"2016"
"1611","China","AZ.NM.NV.UT.CO",2233,"2016"
"1612","China","MT.WY.ID.ND.SD.NE",437,"2016"
"1613","China","KS.OK.MO.AR.IA.TN.KY",1991,"2016"
"1614","China","LA.MS.AL.GA",1971,"2016"
"1615","China","MN.WI.IL",3245,"2016"
"1616","China","IN.MI.OH.WV",2461,"2016"
"1617","China","SC.NC.VA",2535,"2016"
"1618","China","MD.DC.DE.PA.NJ",6629,"2016"
"1619","China","CT.RI.MA.NH.VT.ME",3639,"2016"
"1620","China","Other",843,"2016"
"1621","Africa","CA",6938,"2017"
"1622","Africa","TX",11027,"2017"
"1623","Africa","FL",2972,"2017"
"1624","Africa","NY",10663,"2017"
"1625","Africa","WA.OR",4527,"2017"
"1626","Africa","AZ.NM.NV.UT.CO",6255,"2017"
"1627","Africa","MT.WY.ID.ND.SD.NE",2724,"2017"
"1628","Africa","KS.OK.MO.AR.IA.TN.KY",9304,"2017"
"1629","Africa","LA.MS.AL.GA",5711,"2017"
"1630","Africa","MN.WI.IL",12986,"2017"
"1631","Africa","IN.MI.OH.WV",8463,"2017"
"1632","Africa","SC.NC.VA",9010,"2017"
"1633","Africa","MD.DC.DE.PA.NJ",18357,"2017"
"1634","Africa","CT.RI.MA.NH.VT.ME",9586,"2017"
"1635","Africa","Other",292,"2017"
"1636","Asia Other","CA",75485,"2017"
"1637","Asia Other","TX",27450,"2017"
"1638","Asia Other","FL",10050,"2017"
"1639","Asia Other","NY",31787,"2017"
"1640","Asia Other","WA.OR",12571,"2017"
"1641","Asia Other","AZ.NM.NV.UT.CO",13569,"2017"
"1642","Asia Other","MT.WY.ID.ND.SD.NE",3635,"2017"
"1643","Asia Other","KS.OK.MO.AR.IA.TN.KY",13310,"2017"
"1644","Asia Other","LA.MS.AL.GA",10913,"2017"
"1645","Asia Other","MN.WI.IL",15584,"2017"
"1646","Asia Other","IN.MI.OH.WV",18676,"2017"
"1647","Asia Other","SC.NC.VA",18485,"2017"
"1648","Asia Other","MD.DC.DE.PA.NJ",24031,"2017"
"1649","Asia Other","CT.RI.MA.NH.VT.ME",10639,"2017"
"1650","Asia Other","Other",6599,"2017"
"1651","Europe","CA",13617,"2017"
"1652","Europe","TX",4352,"2017"
"1653","Europe","FL",8051,"2017"
"1654","Europe","NY",12731,"2017"
"1655","Europe","WA.OR",4285,"2017"
"1656","Europe","AZ.NM.NV.UT.CO",3377,"2017"
"1657","Europe","MT.WY.ID.ND.SD.NE",630,"2017"
"1658","Europe","KS.OK.MO.AR.IA.TN.KY",2466,"2017"
"1659","Europe","LA.MS.AL.GA",2087,"2017"
"1660","Europe","MN.WI.IL",8147,"2017"
"1661","Europe","IN.MI.OH.WV",4267,"2017"
"1662","Europe","SC.NC.VA",4176,"2017"
"1663","Europe","MD.DC.DE.PA.NJ",9192,"2017"
"1664","Europe","CT.RI.MA.NH.VT.ME",6408,"2017"
"1665","Europe","Other",549,"2017"
"1666","N.Amer. Other","CA",17695,"2017"
"1667","N.Amer. Other","TX",14351,"2017"
"1668","N.Amer. Other","FL",76403,"2017"
"1669","N.Amer. Other","NY",45661,"2017"
"1670","N.Amer. Other","WA.OR",2527,"2017"
"1671","N.Amer. Other","AZ.NM.NV.UT.CO",6406,"2017"
"1672","N.Amer. Other","MT.WY.ID.ND.SD.NE",1537,"2017"
"1673","N.Amer. Other","KS.OK.MO.AR.IA.TN.KY",6071,"2017"
"1674","N.Amer. Other","LA.MS.AL.GA",5887,"2017"
"1675","N.Amer. Other","MN.WI.IL",3013,"2017"
"1676","N.Amer. Other","IN.MI.OH.WV",3603,"2017"
"1677","N.Amer. Other","SC.NC.VA",8365,"2017"
"1678","N.Amer. Other","MD.DC.DE.PA.NJ",29811,"2017"
"1679","N.Amer. Other","CT.RI.MA.NH.VT.ME",17453,"2017"
"1680","N.Amer. Other","Other",4285,"2017"
"1681","Oceania","CA",1802,"2017"
"1682","Oceania","TX",327,"2017"
"1683","Oceania","FL",174,"2017"
"1684","Oceania","NY",497,"2017"
"1685","Oceania","WA.OR",468,"2017"
"1686","Oceania","AZ.NM.NV.UT.CO",458,"2017"
"1687","Oceania","MT.WY.ID.ND.SD.NE",50,"2017"
"1688","Oceania","KS.OK.MO.AR.IA.TN.KY",175,"2017"
"1689","Oceania","LA.MS.AL.GA",127,"2017"
"1690","Oceania","MN.WI.IL",178,"2017"
"1691","Oceania","IN.MI.OH.WV",126,"2017"
"1692","Oceania","SC.NC.VA",157,"2017"
"1693","Oceania","MD.DC.DE.PA.NJ",239,"2017"
"1694","Oceania","CT.RI.MA.NH.VT.ME",145,"2017"
"1695","Oceania","Other",148,"2017"
"1696","S.Amer.","CA",5817,"2017"
"1697","S.Amer.","TX",4891,"2017"
"1698","S.Amer.","FL",21718,"2017"
"1699","S.Amer.","NY",13678,"2017"
"1700","S.Amer.","WA.OR",962,"2017"
"1701","S.Amer.","AZ.NM.NV.UT.CO",2565,"2017"
"1702","S.Amer.","MT.WY.ID.ND.SD.NE",314,"2017"
"1703","S.Amer.","KS.OK.MO.AR.IA.TN.KY",1579,"2017"
"1704","S.Amer.","LA.MS.AL.GA",2238,"2017"
"1705","S.Amer.","MN.WI.IL",2193,"2017"
"1706","S.Amer.","IN.MI.OH.WV",1528,"2017"
"1707","S.Amer.","SC.NC.VA",4028,"2017"
"1708","S.Amer.","MD.DC.DE.PA.NJ",10689,"2017"
"1709","S.Amer.","CT.RI.MA.NH.VT.ME",6197,"2017"
"1710","S.Amer.","Other",517,"2017"
"1711","Mexico","CA",57732,"2017"
"1712","Mexico","TX",37811,"2017"
"1713","Mexico","FL",4427,"2017"
"1714","Mexico","NY",2657,"2017"
"1715","Mexico","WA.OR",6289,"2017"
"1716","Mexico","AZ.NM.NV.UT.CO",20769,"2017"
"1717","Mexico","MT.WY.ID.ND.SD.NE",2059,"2017"
"1718","Mexico","KS.OK.MO.AR.IA.TN.KY",7783,"2017"
"1719","Mexico","LA.MS.AL.GA",4679,"2017"
"1720","Mexico","MN.WI.IL",12768,"2017"
"1721","Mexico","IN.MI.OH.WV",4235,"2017"
"1722","Mexico","SC.NC.VA",5154,"2017"
"1723","Mexico","MD.DC.DE.PA.NJ",3121,"2017"
"1724","Mexico","CT.RI.MA.NH.VT.ME",833,"2017"
"1725","Mexico","Other",265,"2017"
"1726","India","CA",11941,"2017"
"1727","India","TX",6378,"2017"
"1728","India","FL",1956,"2017"
"1729","India","NY",4255,"2017"
"1730","India","WA.OR",2087,"2017"
"1731","India","AZ.NM.NV.UT.CO",1589,"2017"
"1732","India","MT.WY.ID.ND.SD.NE",204,"2017"
"1733","India","KS.OK.MO.AR.IA.TN.KY",2300,"2017"
"1734","India","LA.MS.AL.GA",3086,"2017"
"1735","India","MN.WI.IL",5274,"2017"
"1736","India","IN.MI.OH.WV",3606,"2017"
"1737","India","SC.NC.VA",3859,"2017"
"1738","India","MD.DC.DE.PA.NJ",10658,"2017"
"1739","India","CT.RI.MA.NH.VT.ME",3123,"2017"
"1740","India","Other",78,"2017"
"1741","China","CA",23076,"2017"
"1742","China","TX",3419,"2017"
"1743","China","FL",1771,"2017"
"1744","China","NY",17349,"2017"
"1745","China","WA.OR",2852,"2017"
"1746","China","AZ.NM.NV.UT.CO",1948,"2017"
"1747","China","MT.WY.ID.ND.SD.NE",319,"2017"
"1748","China","KS.OK.MO.AR.IA.TN.KY",1835,"2017"
"1749","China","LA.MS.AL.GA",1698,"2017"
"1750","China","MN.WI.IL",2802,"2017"
"1751","China","IN.MI.OH.WV",2017,"2017"
"1752","China","SC.NC.VA",2347,"2017"
"1753","China","MD.DC.DE.PA.NJ",6050,"2017"
"1754","China","CT.RI.MA.NH.VT.ME",3263,"2017"
"1755","China","Other",819,"2017"
"1756","Africa","CA",6941,"2018"
"1757","Africa","TX",10299,"2018"
"1758","Africa","FL",2840,"2018"
"1759","Africa","NY",10059,"2018"
"1760","Africa","WA.OR",4144,"2018"
"1761","Africa","AZ.NM.NV.UT.CO",6168,"2018"
"1762","Africa","MT.WY.ID.ND.SD.NE",3017,"2018"
"1763","Africa","KS.OK.MO.AR.IA.TN.KY",10225,"2018"
"1764","Africa","LA.MS.AL.GA",5794,"2018"
"1765","Africa","MN.WI.IL",12875,"2018"
"1766","Africa","IN.MI.OH.WV",9646,"2018"
"1767","Africa","SC.NC.VA",8294,"2018"
"1768","Africa","MD.DC.DE.PA.NJ",16814,"2018"
"1769","Africa","CT.RI.MA.NH.VT.ME",8374,"2018"
"1770","Africa","Other",240,"2018"
"1771","Asia Other","CA",66945,"2018"
"1772","Asia Other","TX",23699,"2018"
"1773","Asia Other","FL",9514,"2018"
"1774","Asia Other","NY",30105,"2018"
"1775","Asia Other","WA.OR",11450,"2018"
"1776","Asia Other","AZ.NM.NV.UT.CO",12870,"2018"
"1777","Asia Other","MT.WY.ID.ND.SD.NE",4087,"2018"
"1778","Asia Other","KS.OK.MO.AR.IA.TN.KY",12460,"2018"
"1779","Asia Other","LA.MS.AL.GA",9995,"2018"
"1780","Asia Other","MN.WI.IL",15405,"2018"
"1781","Asia Other","IN.MI.OH.WV",18944,"2018"
"1782","Asia Other","SC.NC.VA",16195,"2018"
"1783","Asia Other","MD.DC.DE.PA.NJ",23356,"2018"
"1784","Asia Other","CT.RI.MA.NH.VT.ME",10474,"2018"
"1785","Asia Other","Other",6652,"2018"
"1786","Europe","CA",13704,"2018"
"1787","Europe","TX",3541,"2018"
"1788","Europe","FL",7138,"2018"
"1789","Europe","NY",11875,"2018"
"1790","Europe","WA.OR",4989,"2018"
"1791","Europe","AZ.NM.NV.UT.CO",3014,"2018"
"1792","Europe","MT.WY.ID.ND.SD.NE",705,"2018"
"1793","Europe","KS.OK.MO.AR.IA.TN.KY",2175,"2018"
"1794","Europe","LA.MS.AL.GA",1997,"2018"
"1795","Europe","MN.WI.IL",7820,"2018"
"1796","Europe","IN.MI.OH.WV",4282,"2018"
"1797","Europe","SC.NC.VA",3934,"2018"
"1798","Europe","MD.DC.DE.PA.NJ",8746,"2018"
"1799","Europe","CT.RI.MA.NH.VT.ME",5625,"2018"
"1800","Europe","Other",479,"2018"
"1801","N.Amer. Other","CA",19279,"2018"
"1802","N.Amer. Other","TX",17047,"2018"
"1803","N.Amer. Other","FL",82266,"2018"
"1804","N.Amer. Other","NY",45132,"2018"
"1805","N.Amer. Other","WA.OR",2501,"2018"
"1806","N.Amer. Other","AZ.NM.NV.UT.CO",6430,"2018"
"1807","N.Amer. Other","MT.WY.ID.ND.SD.NE",2118,"2018"
"1808","N.Amer. Other","KS.OK.MO.AR.IA.TN.KY",7569,"2018"
"1809","N.Amer. Other","LA.MS.AL.GA",7071,"2018"
"1810","N.Amer. Other","MN.WI.IL",3276,"2018"
"1811","N.Amer. Other","IN.MI.OH.WV",4031,"2018"
"1812","N.Amer. Other","SC.NC.VA",9811,"2018"
"1813","N.Amer. Other","MD.DC.DE.PA.NJ",29977,"2018"
"1814","N.Amer. Other","CT.RI.MA.NH.VT.ME",16599,"2018"
"1815","N.Amer. Other","Other",4029,"2018"
"1816","Oceania","CA",1586,"2018"
"1817","Oceania","TX",227,"2018"
"1818","Oceania","FL",153,"2018"
"1819","Oceania","NY",457,"2018"
"1820","Oceania","WA.OR",493,"2018"
"1821","Oceania","AZ.NM.NV.UT.CO",378,"2018"
"1822","Oceania","MT.WY.ID.ND.SD.NE",46,"2018"
"1823","Oceania","KS.OK.MO.AR.IA.TN.KY",151,"2018"
"1824","Oceania","LA.MS.AL.GA",84,"2018"
"1825","Oceania","MN.WI.IL",175,"2018"
"1826","Oceania","IN.MI.OH.WV",190,"2018"
"1827","Oceania","SC.NC.VA",159,"2018"
"1828","Oceania","MD.DC.DE.PA.NJ",257,"2018"
"1829","Oceania","CT.RI.MA.NH.VT.ME",145,"2018"
"1830","Oceania","Other",155,"2018"
"1831","S.Amer.","CA",5519,"2018"
"1832","S.Amer.","TX",4401,"2018"
"1833","S.Amer.","FL",20733,"2018"
"1834","S.Amer.","NY",13687,"2018"
"1835","S.Amer.","WA.OR",1025,"2018"
"1836","S.Amer.","AZ.NM.NV.UT.CO",2363,"2018"
"1837","S.Amer.","MT.WY.ID.ND.SD.NE",345,"2018"
"1838","S.Amer.","KS.OK.MO.AR.IA.TN.KY",1657,"2018"
"1839","S.Amer.","LA.MS.AL.GA",2518,"2018"
"1840","S.Amer.","MN.WI.IL",2504,"2018"
"1841","S.Amer.","IN.MI.OH.WV",1844,"2018"
"1842","S.Amer.","SC.NC.VA",4131,"2018"
"1843","S.Amer.","MD.DC.DE.PA.NJ",11409,"2018"
"1844","S.Amer.","CT.RI.MA.NH.VT.ME",6225,"2018"
"1845","S.Amer.","Other",479,"2018"
"1846","Mexico","CA",53572,"2018"
"1847","Mexico","TX",36535,"2018"
"1848","Mexico","FL",4048,"2018"
"1849","Mexico","NY",2786,"2018"
"1850","Mexico","WA.OR",5872,"2018"
"1851","Mexico","AZ.NM.NV.UT.CO",18538,"2018"
"1852","Mexico","MT.WY.ID.ND.SD.NE",2053,"2018"
"1853","Mexico","KS.OK.MO.AR.IA.TN.KY",7787,"2018"
"1854","Mexico","LA.MS.AL.GA",4846,"2018"
"1855","Mexico","MN.WI.IL",12484,"2018"
"1856","Mexico","IN.MI.OH.WV",4291,"2018"
"1857","Mexico","SC.NC.VA",5127,"2018"
"1858","Mexico","MD.DC.DE.PA.NJ",2968,"2018"
"1859","Mexico","CT.RI.MA.NH.VT.ME",719,"2018"
"1860","Mexico","Other",229,"2018"
"1861","India","CA",12617,"2018"
"1862","India","TX",5646,"2018"
"1863","India","FL",1982,"2018"
"1864","India","NY",4267,"2018"
"1865","India","WA.OR",2306,"2018"
"1866","India","AZ.NM.NV.UT.CO",1485,"2018"
"1867","India","MT.WY.ID.ND.SD.NE",245,"2018"
"1868","India","KS.OK.MO.AR.IA.TN.KY",2307,"2018"
"1869","India","LA.MS.AL.GA",3099,"2018"
"1870","India","MN.WI.IL",5138,"2018"
"1871","India","IN.MI.OH.WV",3690,"2018"
"1872","India","SC.NC.VA",3613,"2018"
"1873","India","MD.DC.DE.PA.NJ",10555,"2018"
"1874","India","CT.RI.MA.NH.VT.ME",2812,"2018"
"1875","India","Other",60,"2018"
"1876","China","CA",20600,"2018"
"1877","China","TX",3062,"2018"
"1878","China","FL",1635,"2018"
"1879","China","NY",16381,"2018"
"1880","China","WA.OR",2910,"2018"
"1881","China","AZ.NM.NV.UT.CO",1829,"2018"
"1882","China","MT.WY.ID.ND.SD.NE",365,"2018"
"1883","China","KS.OK.MO.AR.IA.TN.KY",1611,"2018"
"1884","China","LA.MS.AL.GA",1496,"2018"
"1885","China","MN.WI.IL",2592,"2018"
"1886","China","IN.MI.OH.WV",2034,"2018"
"1887","China","SC.NC.VA",2013,"2018"
"1888","China","MD.DC.DE.PA.NJ",5198,"2018"
"1889","China","CT.RI.MA.NH.VT.ME",2904,"2018"
"1890","China","Other",584,"2018"
"1891","Africa","CA",6723,"2019"
"1892","Africa","TX",12258,"2019"
"1893","Africa","FL",3688,"2019"
"1894","Africa","NY",10065,"2019"
"1895","Africa","WA.OR",3606,"2019"
"1896","Africa","AZ.NM.NV.UT.CO",5438,"2019"
"1897","Africa","MT.WY.ID.ND.SD.NE",2625,"2019"
"1898","Africa","KS.OK.MO.AR.IA.TN.KY",10075,"2019"
"1899","Africa","LA.MS.AL.GA",5558,"2019"
"1900","Africa","MN.WI.IL",10351,"2019"
"1901","Africa","IN.MI.OH.WV",8548,"2019"
"1902","Africa","SC.NC.VA",7780,"2019"
"1903","Africa","MD.DC.DE.PA.NJ",16250,"2019"
"1904","Africa","CT.RI.MA.NH.VT.ME",8000,"2019"
"1905","Africa","Other",222,"2019"
"1906","Asia Other","CA",63539,"2019"
"1907","Asia Other","TX",23025,"2019"
"1908","Asia Other","FL",9912,"2019"
"1909","Asia Other","NY",27162,"2019"
"1910","Asia Other","WA.OR",10589,"2019"
"1911","Asia Other","AZ.NM.NV.UT.CO",11691,"2019"
"1912","Asia Other","MT.WY.ID.ND.SD.NE",2855,"2019"
"1913","Asia Other","KS.OK.MO.AR.IA.TN.KY",10441,"2019"
"1914","Asia Other","LA.MS.AL.GA",9744,"2019"
"1915","Asia Other","MN.WI.IL",13913,"2019"
"1916","Asia Other","IN.MI.OH.WV",15370,"2019"
"1917","Asia Other","SC.NC.VA",14222,"2019"
"1918","Asia Other","MD.DC.DE.PA.NJ",20435,"2019"
"1919","Asia Other","CT.RI.MA.NH.VT.ME",9029,"2019"
"1920","Asia Other","Other",6108,"2019"
"1921","Europe","CA",14506,"2019"
"1922","Europe","TX",4366,"2019"
"1923","Europe","FL",8817,"2019"
"1924","Europe","NY",12908,"2019"
"1925","Europe","WA.OR",5050,"2019"
"1926","Europe","AZ.NM.NV.UT.CO",3733,"2019"
"1927","Europe","MT.WY.ID.ND.SD.NE",708,"2019"
"1928","Europe","KS.OK.MO.AR.IA.TN.KY",2413,"2019"
"1929","Europe","LA.MS.AL.GA",2636,"2019"
"1930","Europe","MN.WI.IL",8431,"2019"
"1931","Europe","IN.MI.OH.WV",4415,"2019"
"1932","Europe","SC.NC.VA",3929,"2019"
"1933","Europe","MD.DC.DE.PA.NJ",9369,"2019"
"1934","Europe","CT.RI.MA.NH.VT.ME",5685,"2019"
"1935","Europe","Other",631,"2019"
"1936","N.Amer. Other","CA",19226,"2019"
"1937","N.Amer. Other","TX",15044,"2019"
"1938","N.Amer. Other","FL",59795,"2019"
"1939","N.Amer. Other","NY",40134,"2019"
"1940","N.Amer. Other","WA.OR",2254,"2019"
"1941","N.Amer. Other","AZ.NM.NV.UT.CO",6004,"2019"
"1942","N.Amer. Other","MT.WY.ID.ND.SD.NE",1177,"2019"
"1943","N.Amer. Other","KS.OK.MO.AR.IA.TN.KY",5091,"2019"
"1944","N.Amer. Other","LA.MS.AL.GA",6920,"2019"
"1945","N.Amer. Other","MN.WI.IL",3353,"2019"
"1946","N.Amer. Other","IN.MI.OH.WV",3525,"2019"
"1947","N.Amer. Other","SC.NC.VA",8314,"2019"
"1948","N.Amer. Other","MD.DC.DE.PA.NJ",26317,"2019"
"1949","N.Amer. Other","CT.RI.MA.NH.VT.ME",14578,"2019"
"1950","N.Amer. Other","Other",3074,"2019"
"1951","Oceania","CA",1806,"2019"
"1952","Oceania","TX",346,"2019"
"1953","Oceania","FL",181,"2019"
"1954","Oceania","NY",519,"2019"
"1955","Oceania","WA.OR",498,"2019"
"1956","Oceania","AZ.NM.NV.UT.CO",469,"2019"
"1957","Oceania","MT.WY.ID.ND.SD.NE",46,"2019"
"1958","Oceania","KS.OK.MO.AR.IA.TN.KY",181,"2019"
"1959","Oceania","LA.MS.AL.GA",142,"2019"
"1960","Oceania","MN.WI.IL",188,"2019"
"1961","Oceania","IN.MI.OH.WV",198,"2019"
"1962","Oceania","SC.NC.VA",163,"2019"
"1963","Oceania","MD.DC.DE.PA.NJ",297,"2019"
"1964","Oceania","CT.RI.MA.NH.VT.ME",155,"2019"
"1965","Oceania","Other",172,"2019"
"1966","S.Amer.","CA",6086,"2019"
"1967","S.Amer.","TX",6162,"2019"
"1968","S.Amer.","FL",27810,"2019"
"1969","S.Amer.","NY",14073,"2019"
"1970","S.Amer.","WA.OR",1291,"2019"
"1971","S.Amer.","AZ.NM.NV.UT.CO",3186,"2019"
"1972","S.Amer.","MT.WY.ID.ND.SD.NE",402,"2019"
"1973","S.Amer.","KS.OK.MO.AR.IA.TN.KY",1863,"2019"
"1974","S.Amer.","LA.MS.AL.GA",3336,"2019"
"1975","S.Amer.","MN.WI.IL",2853,"2019"
"1976","S.Amer.","IN.MI.OH.WV",1943,"2019"
"1977","S.Amer.","SC.NC.VA",4130,"2019"
"1978","S.Amer.","MD.DC.DE.PA.NJ",11114,"2019"
"1979","S.Amer.","CT.RI.MA.NH.VT.ME",5949,"2019"
"1980","S.Amer.","Other",549,"2019"
"1981","Mexico","CA",47725,"2019"
"1982","Mexico","TX",38736,"2019"
"1983","Mexico","FL",4001,"2019"
"1984","Mexico","NY",2520,"2019"
"1985","Mexico","WA.OR",5324,"2019"
"1986","Mexico","AZ.NM.NV.UT.CO",20040,"2019"
"1987","Mexico","MT.WY.ID.ND.SD.NE",1870,"2019"
"1988","Mexico","KS.OK.MO.AR.IA.TN.KY",7119,"2019"
"1989","Mexico","LA.MS.AL.GA",4667,"2019"
"1990","Mexico","MN.WI.IL",12083,"2019"
"1991","Mexico","IN.MI.OH.WV",3846,"2019"
"1992","Mexico","SC.NC.VA",4334,"2019"
"1993","Mexico","MD.DC.DE.PA.NJ",2765,"2019"
"1994","Mexico","CT.RI.MA.NH.VT.ME",692,"2019"
"1995","Mexico","Other",332,"2019"
"1996","India","CA",11750,"2019"
"1997","India","TX",4862,"2019"
"1998","India","FL",2150,"2019"
"1999","India","NY",3812,"2019"
"2000","India","WA.OR",2505,"2019"
"2001","India","AZ.NM.NV.UT.CO",1424,"2019"
"2002","India","MT.WY.ID.ND.SD.NE",227,"2019"
"2003","India","KS.OK.MO.AR.IA.TN.KY",1946,"2019"
"2004","India","LA.MS.AL.GA",3200,"2019"
"2005","India","MN.WI.IL",4683,"2019"
"2006","India","IN.MI.OH.WV",3329,"2019"
"2007","India","SC.NC.VA",3115,"2019"
"2008","India","MD.DC.DE.PA.NJ",9290,"2019"
"2009","India","CT.RI.MA.NH.VT.ME",2120,"2019"
"2010","India","Other",81,"2019"
"2011","China","CA",21604,"2019"
"2012","China","TX",3053,"2019"
"2013","China","FL",1717,"2019"
"2014","China","NY",12758,"2019"
"2015","China","WA.OR",2965,"2019"
"2016","China","AZ.NM.NV.UT.CO",2001,"2019"
"2017","China","MT.WY.ID.ND.SD.NE",324,"2019"
"2018","China","KS.OK.MO.AR.IA.TN.KY",1444,"2019"
"2019","China","LA.MS.AL.GA",1397,"2019"
"2020","China","MN.WI.IL",2843,"2019"
"2021","China","IN.MI.OH.WV",1950,"2019"
"2022","China","SC.NC.VA",1855,"2019"
"2023","China","MD.DC.DE.PA.NJ",4822,"2019"
"2024","China","CT.RI.MA.NH.VT.ME",2734,"2019"
"2025","China","Other",765,"2019"
"2026","Africa","CA",4898,"2020"
"2027","Africa","TX",8264,"2020"
"2028","Africa","FL",2101,"2020"
"2029","Africa","NY",6652,"2020"
"2030","Africa","WA.OR",2696,"2020"
"2031","Africa","AZ.NM.NV.UT.CO",4394,"2020"
"2032","Africa","MT.WY.ID.ND.SD.NE",1711,"2020"
"2033","Africa","KS.OK.MO.AR.IA.TN.KY",7194,"2020"
"2034","Africa","LA.MS.AL.GA",3912,"2020"
"2035","Africa","MN.WI.IL",7095,"2020"
"2036","Africa","IN.MI.OH.WV",6235,"2020"
"2037","Africa","SC.NC.VA",5365,"2020"
"2038","Africa","MD.DC.DE.PA.NJ",10831,"2020"
"2039","Africa","CT.RI.MA.NH.VT.ME",5142,"2020"
"2040","Africa","Other",116,"2020"
"2041","Asia Other","CA",48461,"2020"
"2042","Asia Other","TX",17910,"2020"
"2043","Asia Other","FL",6515,"2020"
"2044","Asia Other","NY",19263,"2020"
"2045","Asia Other","WA.OR",8515,"2020"
"2046","Asia Other","AZ.NM.NV.UT.CO",8202,"2020"
"2047","Asia Other","MT.WY.ID.ND.SD.NE",2197,"2020"
"2048","Asia Other","KS.OK.MO.AR.IA.TN.KY",7849,"2020"
"2049","Asia Other","LA.MS.AL.GA",7168,"2020"
"2050","Asia Other","MN.WI.IL",10151,"2020"
"2051","Asia Other","IN.MI.OH.WV",12234,"2020"
"2052","Asia Other","SC.NC.VA",11403,"2020"
"2053","Asia Other","MD.DC.DE.PA.NJ",14621,"2020"
"2054","Asia Other","CT.RI.MA.NH.VT.ME",6987,"2020"
"2055","Asia Other","Other",3275,"2020"
"2056","Europe","CA",12387,"2020"
"2057","Europe","TX",3756,"2020"
"2058","Europe","FL",5988,"2020"
"2059","Europe","NY",10191,"2020"
"2060","Europe","WA.OR",4851,"2020"
"2061","Europe","AZ.NM.NV.UT.CO",2882,"2020"
"2062","Europe","MT.WY.ID.ND.SD.NE",586,"2020"
"2063","Europe","KS.OK.MO.AR.IA.TN.KY",1983,"2020"
"2064","Europe","LA.MS.AL.GA",1697,"2020"
"2065","Europe","MN.WI.IL",6459,"2020"
"2066","Europe","IN.MI.OH.WV",3410,"2020"
"2067","Europe","SC.NC.VA",3377,"2020"
"2068","Europe","MD.DC.DE.PA.NJ",6457,"2020"
"2069","Europe","CT.RI.MA.NH.VT.ME",4552,"2020"
"2070","Europe","Other",418,"2020"
"2071","N.Amer. Other","CA",11843,"2020"
"2072","N.Amer. Other","TX",8219,"2020"
"2073","N.Amer. Other","FL",28070,"2020"
"2074","N.Amer. Other","NY",24521,"2020"
"2075","N.Amer. Other","WA.OR",1795,"2020"
"2076","N.Amer. Other","AZ.NM.NV.UT.CO",3278,"2020"
"2077","N.Amer. Other","MT.WY.ID.ND.SD.NE",764,"2020"
"2078","N.Amer. Other","KS.OK.MO.AR.IA.TN.KY",3309,"2020"
"2079","N.Amer. Other","LA.MS.AL.GA",3757,"2020"
"2080","N.Amer. Other","MN.WI.IL",2183,"2020"
"2081","N.Amer. Other","IN.MI.OH.WV",2352,"2020"
"2082","N.Amer. Other","SC.NC.VA",5560,"2020"
"2083","N.Amer. Other","MD.DC.DE.PA.NJ",15510,"2020"
"2084","N.Amer. Other","CT.RI.MA.NH.VT.ME",9090,"2020"
"2085","N.Amer. Other","Other",1692,"2020"
"2086","Oceania","CA",1295,"2020"
"2087","Oceania","TX",223,"2020"
"2088","Oceania","FL",133,"2020"
"2089","Oceania","NY",434,"2020"
"2090","Oceania","WA.OR",360,"2020"
"2091","Oceania","AZ.NM.NV.UT.CO",208,"2020"
"2092","Oceania","MT.WY.ID.ND.SD.NE",39,"2020"
"2093","Oceania","KS.OK.MO.AR.IA.TN.KY",122,"2020"
"2094","Oceania","LA.MS.AL.GA",95,"2020"
"2095","Oceania","MN.WI.IL",168,"2020"
"2096","Oceania","IN.MI.OH.WV",159,"2020"
"2097","Oceania","SC.NC.VA",105,"2020"
"2098","Oceania","MD.DC.DE.PA.NJ",197,"2020"
"2099","Oceania","CT.RI.MA.NH.VT.ME",129,"2020"
"2100","Oceania","Other",138,"2020"
"2101","S.Amer.","CA",4911,"2020"
"2102","S.Amer.","TX",4583,"2020"
"2103","S.Amer.","FL",18034,"2020"
"2104","S.Amer.","NY",8590,"2020"
"2105","S.Amer.","WA.OR",979,"2020"
"2106","S.Amer.","AZ.NM.NV.UT.CO",2658,"2020"
"2107","S.Amer.","MT.WY.ID.ND.SD.NE",277,"2020"
"2108","S.Amer.","KS.OK.MO.AR.IA.TN.KY",1589,"2020"
"2109","S.Amer.","LA.MS.AL.GA",2056,"2020"
"2110","S.Amer.","MN.WI.IL",2275,"2020"
"2111","S.Amer.","IN.MI.OH.WV",2018,"2020"
"2112","S.Amer.","SC.NC.VA",2878,"2020"
"2113","S.Amer.","MD.DC.DE.PA.NJ",6355,"2020"
"2114","S.Amer.","CT.RI.MA.NH.VT.ME",4476,"2020"
"2115","S.Amer.","Other",462,"2020"
"2116","Mexico","CA",30166,"2020"
"2117","Mexico","TX",24358,"2020"
"2118","Mexico","FL",2627,"2020"
"2119","Mexico","NY",1952,"2020"
"2120","Mexico","WA.OR",3749,"2020"
"2121","Mexico","AZ.NM.NV.UT.CO",12672,"2020"
"2122","Mexico","MT.WY.ID.ND.SD.NE",1234,"2020"
"2123","Mexico","KS.OK.MO.AR.IA.TN.KY",4700,"2020"
"2124","Mexico","LA.MS.AL.GA",2734,"2020"
"2125","Mexico","MN.WI.IL",7516,"2020"
"2126","Mexico","IN.MI.OH.WV",2950,"2020"
"2127","Mexico","SC.NC.VA",2967,"2020"
"2128","Mexico","MD.DC.DE.PA.NJ",1887,"2020"
"2129","Mexico","CT.RI.MA.NH.VT.ME",558,"2020"
"2130","Mexico","Other",255,"2020"
"2131","India","CA",9569,"2020"
"2132","India","TX",5057,"2020"
"2133","India","FL",1417,"2020"
"2134","India","NY",2663,"2020"
"2135","India","WA.OR",2182,"2020"
"2136","India","AZ.NM.NV.UT.CO",1349,"2020"
"2137","India","MT.WY.ID.ND.SD.NE",204,"2020"
"2138","India","KS.OK.MO.AR.IA.TN.KY",1924,"2020"
"2139","India","LA.MS.AL.GA",2376,"2020"
"2140","India","MN.WI.IL",3918,"2020"
"2141","India","IN.MI.OH.WV",2946,"2020"
"2142","India","SC.NC.VA",2944,"2020"
"2143","India","MD.DC.DE.PA.NJ",7586,"2020"
"2144","India","CT.RI.MA.NH.VT.ME",2180,"2020"
"2145","India","Other",48,"2020"
"2146","China","CA",15383,"2020"
"2147","China","TX",2141,"2020"
"2148","China","FL",855,"2020"
"2149","China","NY",7452,"2020"
"2150","China","WA.OR",2392,"2020"
"2151","China","AZ.NM.NV.UT.CO",1299,"2020"
"2152","China","MT.WY.ID.ND.SD.NE",162,"2020"
"2153","China","KS.OK.MO.AR.IA.TN.KY",864,"2020"
"2154","China","LA.MS.AL.GA",889,"2020"
"2155","China","MN.WI.IL",1852,"2020"
"2156","China","IN.MI.OH.WV",1354,"2020"
"2157","China","SC.NC.VA",1223,"2020"
"2158","China","MD.DC.DE.PA.NJ",3159,"2020"
"2159","China","CT.RI.MA.NH.VT.ME",1951,"2020"
"2160","China","Other",507,"2020"
"2161","Africa","CA",4437,"2021"
"2162","Africa","TX",7245,"2021"
"2163","Africa","FL",2272,"2021"
"2164","Africa","NY",6040,"2021"
"2165","Africa","WA.OR",2225,"2021"
"2166","Africa","AZ.NM.NV.UT.CO",3384,"2021"
"2167","Africa","MT.WY.ID.ND.SD.NE",1234,"2021"
"2168","Africa","KS.OK.MO.AR.IA.TN.KY",4822,"2021"
"2169","Africa","LA.MS.AL.GA",3800,"2021"
"2170","Africa","MN.WI.IL",5309,"2021"
"2171","Africa","IN.MI.OH.WV",5279,"2021"
"2172","Africa","SC.NC.VA",4750,"2021"
"2173","Africa","MD.DC.DE.PA.NJ",10500,"2021"
"2174","Africa","CT.RI.MA.NH.VT.ME",4621,"2021"
"2175","Africa","Other",289,"2021"
"2176","Asia Other","CA",36340,"2021"
"2177","Asia Other","TX",14669,"2021"
"2178","Asia Other","FL",7790,"2021"
"2179","Asia Other","NY",16006,"2021"
"2180","Asia Other","WA.OR",6528,"2021"
"2181","Asia Other","AZ.NM.NV.UT.CO",6918,"2021"
"2182","Asia Other","MT.WY.ID.ND.SD.NE",1717,"2021"
"2183","Asia Other","KS.OK.MO.AR.IA.TN.KY",7124,"2021"
"2184","Asia Other","LA.MS.AL.GA",6152,"2021"
"2185","Asia Other","MN.WI.IL",8010,"2021"
"2186","Asia Other","IN.MI.OH.WV",9545,"2021"
"2187","Asia Other","SC.NC.VA",10476,"2021"
"2188","Asia Other","MD.DC.DE.PA.NJ",12516,"2021"
"2189","Asia Other","CT.RI.MA.NH.VT.ME",5316,"2021"
"2190","Asia Other","Other",2914,"2021"
"2191","Europe","CA",10453,"2021"
"2192","Europe","TX",3296,"2021"
"2193","Europe","FL",6692,"2021"
"2194","Europe","NY",8652,"2021"
"2195","Europe","WA.OR",3182,"2021"
"2196","Europe","AZ.NM.NV.UT.CO",2826,"2021"
"2197","Europe","MT.WY.ID.ND.SD.NE",542,"2021"
"2198","Europe","KS.OK.MO.AR.IA.TN.KY",1921,"2021"
"2199","Europe","LA.MS.AL.GA",1745,"2021"
"2200","Europe","MN.WI.IL",5138,"2021"
"2201","Europe","IN.MI.OH.WV",2947,"2021"
"2202","Europe","SC.NC.VA",3131,"2021"
"2203","Europe","MD.DC.DE.PA.NJ",6319,"2021"
"2204","Europe","CT.RI.MA.NH.VT.ME",4146,"2021"
"2205","Europe","Other",531,"2021"
"2206","N.Amer. Other","CA",11138,"2021"
"2207","N.Amer. Other","TX",9679,"2021"
"2208","N.Amer. Other","FL",36896,"2021"
"2209","N.Amer. Other","NY",21883,"2021"
"2210","N.Amer. Other","WA.OR",1659,"2021"
"2211","N.Amer. Other","AZ.NM.NV.UT.CO",3999,"2021"
"2212","N.Amer. Other","MT.WY.ID.ND.SD.NE",967,"2021"
"2213","N.Amer. Other","KS.OK.MO.AR.IA.TN.KY",3915,"2021"
"2214","N.Amer. Other","LA.MS.AL.GA",4586,"2021"
"2215","N.Amer. Other","MN.WI.IL",2188,"2021"
"2216","N.Amer. Other","IN.MI.OH.WV",2844,"2021"
"2217","N.Amer. Other","SC.NC.VA",6496,"2021"
"2218","N.Amer. Other","MD.DC.DE.PA.NJ",16631,"2021"
"2219","N.Amer. Other","CT.RI.MA.NH.VT.ME",8643,"2021"
"2220","N.Amer. Other","Other",1680,"2021"
"2221","Oceania","CA",1183,"2021"
"2222","Oceania","TX",259,"2021"
"2223","Oceania","FL",159,"2021"
"2224","Oceania","NY",431,"2021"
"2225","Oceania","WA.OR",360,"2021"
"2226","Oceania","AZ.NM.NV.UT.CO",412,"2021"
"2227","Oceania","MT.WY.ID.ND.SD.NE",40,"2021"
"2228","Oceania","KS.OK.MO.AR.IA.TN.KY",116,"2021"
"2229","Oceania","LA.MS.AL.GA",121,"2021"
"2230","Oceania","MN.WI.IL",183,"2021"
"2231","Oceania","IN.MI.OH.WV",140,"2021"
"2232","Oceania","SC.NC.VA",170,"2021"
"2233","Oceania","MD.DC.DE.PA.NJ",223,"2021"
"2234","Oceania","CT.RI.MA.NH.VT.ME",146,"2021"
"2235","Oceania","Other",109,"2021"
"2236","S.Amer.","CA",4813,"2021"
"2237","S.Amer.","TX",4566,"2021"
"2238","S.Amer.","FL",22632,"2021"
"2239","S.Amer.","NY",9384,"2021"
"2240","S.Amer.","WA.OR",1074,"2021"
"2241","S.Amer.","AZ.NM.NV.UT.CO",2948,"2021"
"2242","S.Amer.","MT.WY.ID.ND.SD.NE",357,"2021"
"2243","S.Amer.","KS.OK.MO.AR.IA.TN.KY",1668,"2021"
"2244","S.Amer.","LA.MS.AL.GA",2221,"2021"
"2245","S.Amer.","MN.WI.IL",2511,"2021"
"2246","S.Amer.","IN.MI.OH.WV",2120,"2021"
"2247","S.Amer.","SC.NC.VA",3654,"2021"
"2248","S.Amer.","MD.DC.DE.PA.NJ",7919,"2021"
"2249","S.Amer.","CT.RI.MA.NH.VT.ME",4938,"2021"
"2250","S.Amer.","Other",564,"2021"
"2251","Mexico","CA",31715,"2021"
"2252","Mexico","TX",25282,"2021"
"2253","Mexico","FL",2796,"2021"
"2254","Mexico","NY",2097,"2021"
"2255","Mexico","WA.OR",4078,"2021"
"2256","Mexico","AZ.NM.NV.UT.CO",14886,"2021"
"2257","Mexico","MT.WY.ID.ND.SD.NE",1310,"2021"
"2258","Mexico","KS.OK.MO.AR.IA.TN.KY",5031,"2021"
"2259","Mexico","LA.MS.AL.GA",3029,"2021"
"2260","Mexico","MN.WI.IL",7528,"2021"
"2261","Mexico","IN.MI.OH.WV",3105,"2021"
"2262","Mexico","SC.NC.VA",3281,"2021"
"2263","Mexico","MD.DC.DE.PA.NJ",2084,"2021"
"2264","Mexico","CT.RI.MA.NH.VT.ME",650,"2021"
"2265","Mexico","Other",359,"2021"
"2266","India","CA",17299,"2021"
"2267","India","TX",11128,"2021"
"2268","India","FL",2874,"2021"
"2269","India","NY",3669,"2021"
"2270","India","WA.OR",5725,"2021"
"2271","India","AZ.NM.NV.UT.CO",3175,"2021"
"2272","India","MT.WY.ID.ND.SD.NE",557,"2021"
"2273","India","KS.OK.MO.AR.IA.TN.KY",4011,"2021"
"2274","India","LA.MS.AL.GA",4438,"2021"
"2275","India","MN.WI.IL",6880,"2021"
"2276","India","IN.MI.OH.WV",5663,"2021"
"2277","India","SC.NC.VA",6964,"2021"
"2278","India","MD.DC.DE.PA.NJ",15824,"2021"
"2279","India","CT.RI.MA.NH.VT.ME",5163,"2021"
"2280","India","Other",77,"2021"
"2281","China","CA",17705,"2021"
"2282","China","TX",2679,"2021"
"2283","China","FL",1037,"2021"
"2284","China","NY",7812,"2021"
"2285","China","WA.OR",3660,"2021"
"2286","China","AZ.NM.NV.UT.CO",1686,"2021"
"2287","China","MT.WY.ID.ND.SD.NE",252,"2021"
"2288","China","KS.OK.MO.AR.IA.TN.KY",1137,"2021"
"2289","China","LA.MS.AL.GA",1048,"2021"
"2290","China","MN.WI.IL",2135,"2021"
"2291","China","IN.MI.OH.WV",1855,"2021"
"2292","China","SC.NC.VA",1568,"2021"
"2293","China","MD.DC.DE.PA.NJ",4054,"2021"
"2294","China","CT.RI.MA.NH.VT.ME",2628,"2021"
"2295","China","Other",582,"2021"
