"","X","NATZin","NATZs","year"
"1","Africa","CA",4456,"2005"
"2","Africa","TX",2941,"2005"
"3","Africa","FL",1216,"2005"
"4","Africa","NY",3893,"2005"
"5","Africa","WA.OR",1314,"2005"
"6","Africa","AZ.NM.NV.UT.CO",1333,"2005"
"7","Africa","MT.WY.ID.ND.SD.NE",262,"2005"
"8","Africa","KS.OK.MO.AR.IA.TN.KY",1304,"2005"
"9","Africa","LA.MS.AL.GA",1382,"2005"
"10","Africa","MN.WI.IL",4053,"2005"
"11","Africa","IN.MI.OH.WV",2815,"2005"
"12","Africa","SC.NC.VA",3389,"2005"
"13","Africa","MD.DC.DE.PA.NJ",6260,"2005"
"14","Africa","CT.RI.MA.NH.VT.ME",3629,"2005"
"15","Africa","Other",534,"2005"
"16","Asia Other","CA",67227,"2005"
"17","Asia Other","TX",10478,"2005"
"18","Asia Other","FL",4343,"2005"
"19","Asia Other","NY",14389,"2005"
"20","Asia Other","WA.OR",7532,"2005"
"21","Asia Other","AZ.NM.NV.UT.CO",5726,"2005"
"22","Asia Other","MT.WY.ID.ND.SD.NE",756,"2005"
"23","Asia Other","KS.OK.MO.AR.IA.TN.KY",4252,"2005"
"24","Asia Other","LA.MS.AL.GA",3237,"2005"
"25","Asia Other","MN.WI.IL",9953,"2005"
"26","Asia Other","IN.MI.OH.WV",7417,"2005"
"27","Asia Other","SC.NC.VA",8460,"2005"
"28","Asia Other","MD.DC.DE.PA.NJ",13249,"2005"
"29","Asia Other","CT.RI.MA.NH.VT.ME",6961,"2005"
"30","Asia Other","Other",5412,"2005"
"31","Europe","CA",15318,"2005"
"32","Europe","TX",2912,"2005"
"33","Europe","FL",4995,"2005"
"34","Europe","NY",16928,"2005"
"35","Europe","WA.OR",5042,"2005"
"36","Europe","AZ.NM.NV.UT.CO",4344,"2005"
"37","Europe","MT.WY.ID.ND.SD.NE",912,"2005"
"38","Europe","KS.OK.MO.AR.IA.TN.KY",2559,"2005"
"39","Europe","LA.MS.AL.GA",1633,"2005"
"40","Europe","MN.WI.IL",11446,"2005"
"41","Europe","IN.MI.OH.WV",6728,"2005"
"42","Europe","SC.NC.VA",3156,"2005"
"43","Europe","MD.DC.DE.PA.NJ",10740,"2005"
"44","Europe","CT.RI.MA.NH.VT.ME",8953,"2005"
"45","Europe","Other",1705,"2005"
"46","N.Amer. Other","CA",14986,"2005"
"47","N.Amer. Other","TX",3411,"2005"
"48","N.Amer. Other","FL",22212,"2005"
"49","N.Amer. Other","NY",25932,"2005"
"50","N.Amer. Other","WA.OR",1116,"2005"
"51","N.Amer. Other","AZ.NM.NV.UT.CO",2022,"2005"
"52","N.Amer. Other","MT.WY.ID.ND.SD.NE",351,"2005"
"53","N.Amer. Other","KS.OK.MO.AR.IA.TN.KY",1235,"2005"
"54","N.Amer. Other","LA.MS.AL.GA",1889,"2005"
"55","N.Amer. Other","MN.WI.IL",1776,"2005"
"56","N.Amer. Other","IN.MI.OH.WV",1609,"2005"
"57","N.Amer. Other","SC.NC.VA",3330,"2005"
"58","N.Amer. Other","MD.DC.DE.PA.NJ",11684,"2005"
"59","N.Amer. Other","CT.RI.MA.NH.VT.ME",8968,"2005"
"60","N.Amer. Other","Other",1350,"2005"
"61","Oceania","CA",1921,"2005"
"62","Oceania","TX",239,"2005"
"63","Oceania","FL",87,"2005"
"64","Oceania","NY",128,"2005"
"65","Oceania","WA.OR",333,"2005"
"66","Oceania","AZ.NM.NV.UT.CO",255,"2005"
"67","Oceania","MT.WY.ID.ND.SD.NE",41,"2005"
"68","Oceania","KS.OK.MO.AR.IA.TN.KY",62,"2005"
"69","Oceania","LA.MS.AL.GA",37,"2005"
"70","Oceania","MN.WI.IL",85,"2005"
"71","Oceania","IN.MI.OH.WV",77,"2005"
"72","Oceania","SC.NC.VA",113,"2005"
"73","Oceania","MD.DC.DE.PA.NJ",120,"2005"
"74","Oceania","CT.RI.MA.NH.VT.ME",122,"2005"
"75","Oceania","Other",275,"2005"
"76","S.Amer.","CA",5116,"2005"
"77","S.Amer.","TX",1609,"2005"
"78","S.Amer.","FL",7746,"2005"
"79","S.Amer.","NY",11694,"2005"
"80","S.Amer.","WA.OR",422,"2005"
"81","S.Amer.","AZ.NM.NV.UT.CO",1056,"2005"
"82","S.Amer.","MT.WY.ID.ND.SD.NE",98,"2005"
"83","S.Amer.","KS.OK.MO.AR.IA.TN.KY",568,"2005"
"84","S.Amer.","LA.MS.AL.GA",669,"2005"
"85","S.Amer.","MN.WI.IL",1123,"2005"
"86","S.Amer.","IN.MI.OH.WV",611,"2005"
"87","S.Amer.","SC.NC.VA",2364,"2005"
"88","S.Amer.","MD.DC.DE.PA.NJ",7443,"2005"
"89","S.Amer.","CT.RI.MA.NH.VT.ME",3084,"2005"
"90","S.Amer.","Other",569,"2005"
"91","Mexico","CA",40510,"2005"
"92","Mexico","TX",12736,"2005"
"93","Mexico","FL",1039,"2005"
"94","Mexico","NY",1021,"2005"
"95","Mexico","WA.OR",1892,"2005"
"96","Mexico","AZ.NM.NV.UT.CO",6615,"2005"
"97","Mexico","MT.WY.ID.ND.SD.NE",743,"2005"
"98","Mexico","KS.OK.MO.AR.IA.TN.KY",1563,"2005"
"99","Mexico","LA.MS.AL.GA",651,"2005"
"100","Mexico","MN.WI.IL",5702,"2005"
"101","Mexico","IN.MI.OH.WV",1112,"2005"
"102","Mexico","SC.NC.VA",882,"2005"
"103","Mexico","MD.DC.DE.PA.NJ",834,"2005"
"104","Mexico","CT.RI.MA.NH.VT.ME",337,"2005"
"105","Mexico","Other",1399,"2005"
"106","India","CA",8092,"2005"
"107","India","TX",3051,"2005"
"108","India","FL",939,"2005"
"109","India","NY",3507,"2005"
"110","India","WA.OR",843,"2005"
"111","India","AZ.NM.NV.UT.CO",594,"2005"
"112","India","MT.WY.ID.ND.SD.NE",86,"2005"
"113","India","KS.OK.MO.AR.IA.TN.KY",948,"2005"
"114","India","LA.MS.AL.GA",1031,"2005"
"115","India","MN.WI.IL",3555,"2005"
"116","India","IN.MI.OH.WV",2370,"2005"
"117","India","SC.NC.VA",1925,"2005"
"118","India","MD.DC.DE.PA.NJ",6924,"2005"
"119","India","CT.RI.MA.NH.VT.ME",1777,"2005"
"120","India","Other",308,"2005"
"121","China","CA",12659,"2005"
"122","China","TX",1047,"2005"
"123","China","FL",363,"2005"
"124","China","NY",7061,"2005"
"125","China","WA.OR",1049,"2005"
"126","China","AZ.NM.NV.UT.CO",630,"2005"
"127","China","MT.WY.ID.ND.SD.NE",93,"2005"
"128","China","KS.OK.MO.AR.IA.TN.KY",424,"2005"
"129","China","LA.MS.AL.GA",336,"2005"
"130","China","MN.WI.IL",1277,"2005"
"131","China","IN.MI.OH.WV",948,"2005"
"132","China","SC.NC.VA",753,"2005"
"133","China","MD.DC.DE.PA.NJ",2512,"2005"
"134","China","CT.RI.MA.NH.VT.ME",1839,"2005"
"135","China","Other",650,"2005"
"136","Africa","CA",4206,"2006"
"137","Africa","TX",2996,"2006"
"138","Africa","FL",2083,"2006"
"139","Africa","NY",5792,"2006"
"140","Africa","WA.OR",1309,"2006"
"141","Africa","AZ.NM.NV.UT.CO",1738,"2006"
"142","Africa","MT.WY.ID.ND.SD.NE",454,"2006"
"143","Africa","KS.OK.MO.AR.IA.TN.KY",1688,"2006"
"144","Africa","LA.MS.AL.GA",3706,"2006"
"145","Africa","MN.WI.IL",5158,"2006"
"146","Africa","IN.MI.OH.WV",2979,"2006"
"147","Africa","SC.NC.VA",5052,"2006"
"148","Africa","MD.DC.DE.PA.NJ",8266,"2006"
"149","Africa","CT.RI.MA.NH.VT.ME",4220,"2006"
"150","Africa","Other",734,"2006"
"151","Asia Other","CA",57177,"2006"
"152","Asia Other","TX",9604,"2006"
"153","Asia Other","FL",7558,"2006"
"154","Asia Other","NY",17730,"2006"
"155","Asia Other","WA.OR",5723,"2006"
"156","Asia Other","AZ.NM.NV.UT.CO",6641,"2006"
"157","Asia Other","MT.WY.ID.ND.SD.NE",724,"2006"
"158","Asia Other","KS.OK.MO.AR.IA.TN.KY",4625,"2006"
"159","Asia Other","LA.MS.AL.GA",6307,"2006"
"160","Asia Other","MN.WI.IL",9982,"2006"
"161","Asia Other","IN.MI.OH.WV",7312,"2006"
"162","Asia Other","SC.NC.VA",11187,"2006"
"163","Asia Other","MD.DC.DE.PA.NJ",15751,"2006"
"164","Asia Other","CT.RI.MA.NH.VT.ME",6971,"2006"
"165","Asia Other","Other",6072,"2006"
"166","Europe","CA",13246,"2006"
"167","Europe","TX",2721,"2006"
"168","Europe","FL",8742,"2006"
"169","Europe","NY",21084,"2006"
"170","Europe","WA.OR",4345,"2006"
"171","Europe","AZ.NM.NV.UT.CO",4640,"2006"
"172","Europe","MT.WY.ID.ND.SD.NE",884,"2006"
"173","Europe","KS.OK.MO.AR.IA.TN.KY",2974,"2006"
"174","Europe","LA.MS.AL.GA",3549,"2006"
"175","Europe","MN.WI.IL",11034,"2006"
"176","Europe","IN.MI.OH.WV",6483,"2006"
"177","Europe","SC.NC.VA",4914,"2006"
"178","Europe","MD.DC.DE.PA.NJ",12482,"2006"
"179","Europe","CT.RI.MA.NH.VT.ME",8452,"2006"
"180","Europe","Other",1783,"2006"
"181","N.Amer. Other","CA",13374,"2006"
"182","N.Amer. Other","TX",3536,"2006"
"183","N.Amer. Other","FL",48824,"2006"
"184","N.Amer. Other","NY",30745,"2006"
"185","N.Amer. Other","WA.OR",1052,"2006"
"186","N.Amer. Other","AZ.NM.NV.UT.CO",2521,"2006"
"187","N.Amer. Other","MT.WY.ID.ND.SD.NE",422,"2006"
"188","N.Amer. Other","KS.OK.MO.AR.IA.TN.KY",1407,"2006"
"189","N.Amer. Other","LA.MS.AL.GA",3327,"2006"
"190","N.Amer. Other","MN.WI.IL",1979,"2006"
"191","N.Amer. Other","IN.MI.OH.WV",1701,"2006"
"192","N.Amer. Other","SC.NC.VA",4999,"2006"
"193","N.Amer. Other","MD.DC.DE.PA.NJ",13184,"2006"
"194","N.Amer. Other","CT.RI.MA.NH.VT.ME",8679,"2006"
"195","N.Amer. Other","Other",1801,"2006"
"196","Oceania","CA",1531,"2006"
"197","Oceania","TX",136,"2006"
"198","Oceania","FL",125,"2006"
"199","Oceania","NY",159,"2006"
"200","Oceania","WA.OR",273,"2006"
"201","Oceania","AZ.NM.NV.UT.CO",293,"2006"
"202","Oceania","MT.WY.ID.ND.SD.NE",30,"2006"
"203","Oceania","KS.OK.MO.AR.IA.TN.KY",83,"2006"
"204","Oceania","LA.MS.AL.GA",98,"2006"
"205","Oceania","MN.WI.IL",82,"2006"
"206","Oceania","IN.MI.OH.WV",78,"2006"
"207","Oceania","SC.NC.VA",132,"2006"
"208","Oceania","MD.DC.DE.PA.NJ",153,"2006"
"209","Oceania","CT.RI.MA.NH.VT.ME",96,"2006"
"210","Oceania","Other",374,"2006"
"211","S.Amer.","CA",4686,"2006"
"212","S.Amer.","TX",1445,"2006"
"213","S.Amer.","FL",18404,"2006"
"214","S.Amer.","NY",13794,"2006"
"215","S.Amer.","WA.OR",440,"2006"
"216","S.Amer.","AZ.NM.NV.UT.CO",1237,"2006"
"217","S.Amer.","MT.WY.ID.ND.SD.NE",128,"2006"
"218","S.Amer.","KS.OK.MO.AR.IA.TN.KY",668,"2006"
"219","S.Amer.","LA.MS.AL.GA",1473,"2006"
"220","S.Amer.","MN.WI.IL",1279,"2006"
"221","S.Amer.","IN.MI.OH.WV",654,"2006"
"222","S.Amer.","SC.NC.VA",3145,"2006"
"223","S.Amer.","MD.DC.DE.PA.NJ",8486,"2006"
"224","S.Amer.","CT.RI.MA.NH.VT.ME",3145,"2006"
"225","S.Amer.","Other",748,"2006"
"226","Mexico","CA",38210,"2006"
"227","Mexico","TX",12796,"2006"
"228","Mexico","FL",2284,"2006"
"229","Mexico","NY",1113,"2006"
"230","Mexico","WA.OR",1991,"2006"
"231","Mexico","AZ.NM.NV.UT.CO",8898,"2006"
"232","Mexico","MT.WY.ID.ND.SD.NE",945,"2006"
"233","Mexico","KS.OK.MO.AR.IA.TN.KY",2487,"2006"
"234","Mexico","LA.MS.AL.GA",1505,"2006"
"235","Mexico","MN.WI.IL",7492,"2006"
"236","Mexico","IN.MI.OH.WV",1306,"2006"
"237","Mexico","SC.NC.VA",1816,"2006"
"238","Mexico","MD.DC.DE.PA.NJ",1084,"2006"
"239","Mexico","CT.RI.MA.NH.VT.ME",328,"2006"
"240","Mexico","Other",1658,"2006"
"241","India","CA",9356,"2006"
"242","India","TX",3302,"2006"
"243","India","FL",1873,"2006"
"244","India","NY",4274,"2006"
"245","India","WA.OR",1006,"2006"
"246","India","AZ.NM.NV.UT.CO",964,"2006"
"247","India","MT.WY.ID.ND.SD.NE",101,"2006"
"248","India","KS.OK.MO.AR.IA.TN.KY",1274,"2006"
"249","India","LA.MS.AL.GA",2736,"2006"
"250","India","MN.WI.IL",3968,"2006"
"251","India","IN.MI.OH.WV",3084,"2006"
"252","India","SC.NC.VA",3349,"2006"
"253","India","MD.DC.DE.PA.NJ",9460,"2006"
"254","India","CT.RI.MA.NH.VT.ME",2336,"2006"
"255","India","Other",436,"2006"
"256","China","CA",10978,"2006"
"257","China","TX",1214,"2006"
"258","China","FL",824,"2006"
"259","China","NY",9150,"2006"
"260","China","WA.OR",936,"2006"
"261","China","AZ.NM.NV.UT.CO",752,"2006"
"262","China","MT.WY.ID.ND.SD.NE",96,"2006"
"263","China","KS.OK.MO.AR.IA.TN.KY",545,"2006"
"264","China","LA.MS.AL.GA",822,"2006"
"265","China","MN.WI.IL",1440,"2006"
"266","China","IN.MI.OH.WV",1060,"2006"
"267","China","SC.NC.VA",1276,"2006"
"268","China","MD.DC.DE.PA.NJ",3489,"2006"
"269","China","CT.RI.MA.NH.VT.ME",2040,"2006"
"270","China","Other",710,"2006"
"271","Africa","CA",3855,"2007"
"272","Africa","TX",3445,"2007"
"273","Africa","FL",1277,"2007"
"274","Africa","NY",3713,"2007"
"275","Africa","WA.OR",1351,"2007"
"276","Africa","AZ.NM.NV.UT.CO",1862,"2007"
"277","Africa","MT.WY.ID.ND.SD.NE",545,"2007"
"278","Africa","KS.OK.MO.AR.IA.TN.KY",1829,"2007"
"279","Africa","LA.MS.AL.GA",2492,"2007"
"280","Africa","MN.WI.IL",5171,"2007"
"281","Africa","IN.MI.OH.WV",2737,"2007"
"282","Africa","SC.NC.VA",2837,"2007"
"283","Africa","MD.DC.DE.PA.NJ",6275,"2007"
"284","Africa","CT.RI.MA.NH.VT.ME",3675,"2007"
"285","Africa","Other",565,"2007"
"286","Asia Other","CA",59596,"2007"
"287","Asia Other","TX",11476,"2007"
"288","Asia Other","FL",4511,"2007"
"289","Asia Other","NY",11888,"2007"
"290","Asia Other","WA.OR",6170,"2007"
"291","Asia Other","AZ.NM.NV.UT.CO",6785,"2007"
"292","Asia Other","MT.WY.ID.ND.SD.NE",889,"2007"
"293","Asia Other","KS.OK.MO.AR.IA.TN.KY",4205,"2007"
"294","Asia Other","LA.MS.AL.GA",4931,"2007"
"295","Asia Other","MN.WI.IL",10896,"2007"
"296","Asia Other","IN.MI.OH.WV",6440,"2007"
"297","Asia Other","SC.NC.VA",6675,"2007"
"298","Asia Other","MD.DC.DE.PA.NJ",12795,"2007"
"299","Asia Other","CT.RI.MA.NH.VT.ME",5403,"2007"
"300","Asia Other","Other",5072,"2007"
"301","Europe","CA",13265,"2007"
"302","Europe","TX",2972,"2007"
"303","Europe","FL",5007,"2007"
"304","Europe","NY",12163,"2007"
"305","Europe","WA.OR",5013,"2007"
"306","Europe","AZ.NM.NV.UT.CO",4384,"2007"
"307","Europe","MT.WY.ID.ND.SD.NE",943,"2007"
"308","Europe","KS.OK.MO.AR.IA.TN.KY",3407,"2007"
"309","Europe","LA.MS.AL.GA",2284,"2007"
"310","Europe","MN.WI.IL",12311,"2007"
"311","Europe","IN.MI.OH.WV",5627,"2007"
"312","Europe","SC.NC.VA",2748,"2007"
"313","Europe","MD.DC.DE.PA.NJ",9027,"2007"
"314","Europe","CT.RI.MA.NH.VT.ME",6341,"2007"
"315","Europe","Other",1161,"2007"
"316","N.Amer. Other","CA",18330,"2007"
"317","N.Amer. Other","TX",5578,"2007"
"318","N.Amer. Other","FL",29883,"2007"
"319","N.Amer. Other","NY",24444,"2007"
"320","N.Amer. Other","WA.OR",1257,"2007"
"321","N.Amer. Other","AZ.NM.NV.UT.CO",3053,"2007"
"322","N.Amer. Other","MT.WY.ID.ND.SD.NE",490,"2007"
"323","N.Amer. Other","KS.OK.MO.AR.IA.TN.KY",1575,"2007"
"324","N.Amer. Other","LA.MS.AL.GA",3181,"2007"
"325","N.Amer. Other","MN.WI.IL",2683,"2007"
"326","N.Amer. Other","IN.MI.OH.WV",1789,"2007"
"327","N.Amer. Other","SC.NC.VA",3223,"2007"
"328","N.Amer. Other","MD.DC.DE.PA.NJ",12126,"2007"
"329","N.Amer. Other","CT.RI.MA.NH.VT.ME",8092,"2007"
"330","N.Amer. Other","Other",1512,"2007"
"331","Oceania","CA",1565,"2007"
"332","Oceania","TX",119,"2007"
"333","Oceania","FL",86,"2007"
"334","Oceania","NY",118,"2007"
"335","Oceania","WA.OR",296,"2007"
"336","Oceania","AZ.NM.NV.UT.CO",257,"2007"
"337","Oceania","MT.WY.ID.ND.SD.NE",26,"2007"
"338","Oceania","KS.OK.MO.AR.IA.TN.KY",72,"2007"
"339","Oceania","LA.MS.AL.GA",59,"2007"
"340","Oceania","MN.WI.IL",97,"2007"
"341","Oceania","IN.MI.OH.WV",49,"2007"
"342","Oceania","SC.NC.VA",105,"2007"
"343","Oceania","MD.DC.DE.PA.NJ",121,"2007"
"344","Oceania","CT.RI.MA.NH.VT.ME",86,"2007"
"345","Oceania","Other",266,"2007"
"346","S.Amer.","CA",5041,"2007"
"347","S.Amer.","TX",2293,"2007"
"348","S.Amer.","FL",10413,"2007"
"349","S.Amer.","NY",10838,"2007"
"350","S.Amer.","WA.OR",481,"2007"
"351","S.Amer.","AZ.NM.NV.UT.CO",1525,"2007"
"352","S.Amer.","MT.WY.ID.ND.SD.NE",153,"2007"
"353","S.Amer.","KS.OK.MO.AR.IA.TN.KY",694,"2007"
"354","S.Amer.","LA.MS.AL.GA",1191,"2007"
"355","S.Amer.","MN.WI.IL",1636,"2007"
"356","S.Amer.","IN.MI.OH.WV",753,"2007"
"357","S.Amer.","SC.NC.VA",2095,"2007"
"358","S.Amer.","MD.DC.DE.PA.NJ",7363,"2007"
"359","S.Amer.","CT.RI.MA.NH.VT.ME",2727,"2007"
"360","S.Amer.","Other",624,"2007"
"361","Mexico","CA",57865,"2007"
"362","Mexico","TX",21440,"2007"
"363","Mexico","FL",1702,"2007"
"364","Mexico","NY",1020,"2007"
"365","Mexico","WA.OR",3183,"2007"
"366","Mexico","AZ.NM.NV.UT.CO",12936,"2007"
"367","Mexico","MT.WY.ID.ND.SD.NE",1362,"2007"
"368","Mexico","KS.OK.MO.AR.IA.TN.KY",3138,"2007"
"369","Mexico","LA.MS.AL.GA",1903,"2007"
"370","Mexico","MN.WI.IL",12388,"2007"
"371","Mexico","IN.MI.OH.WV",1627,"2007"
"372","Mexico","SC.NC.VA",1252,"2007"
"373","Mexico","MD.DC.DE.PA.NJ",1066,"2007"
"374","Mexico","CT.RI.MA.NH.VT.ME",298,"2007"
"375","Mexico","Other",1025,"2007"
"376","India","CA",10500,"2007"
"377","India","TX",4129,"2007"
"378","India","FL",1197,"2007"
"379","India","NY",2935,"2007"
"380","India","WA.OR",1361,"2007"
"381","India","AZ.NM.NV.UT.CO",1094,"2007"
"382","India","MT.WY.ID.ND.SD.NE",185,"2007"
"383","India","KS.OK.MO.AR.IA.TN.KY",1401,"2007"
"384","India","LA.MS.AL.GA",1787,"2007"
"385","India","MN.WI.IL",5147,"2007"
"386","India","IN.MI.OH.WV",3543,"2007"
"387","India","SC.NC.VA",2483,"2007"
"388","India","MD.DC.DE.PA.NJ",8649,"2007"
"389","India","CT.RI.MA.NH.VT.ME",2050,"2007"
"390","India","Other",382,"2007"
"391","China","CA",11609,"2007"
"392","China","TX",1404,"2007"
"393","China","FL",426,"2007"
"394","China","NY",6538,"2007"
"395","China","WA.OR",1128,"2007"
"396","China","AZ.NM.NV.UT.CO",851,"2007"
"397","China","MT.WY.ID.ND.SD.NE",116,"2007"
"398","China","KS.OK.MO.AR.IA.TN.KY",597,"2007"
"399","China","LA.MS.AL.GA",555,"2007"
"400","China","MN.WI.IL",1918,"2007"
"401","China","IN.MI.OH.WV",1276,"2007"
"402","China","SC.NC.VA",838,"2007"
"403","China","MD.DC.DE.PA.NJ",3129,"2007"
"404","China","CT.RI.MA.NH.VT.ME",1934,"2007"
"405","China","Other",751,"2007"
"406","Africa","CA",4968,"2008"
"407","Africa","TX",4107,"2008"
"408","Africa","FL",2114,"2008"
"409","Africa","NY",3844,"2008"
"410","Africa","WA.OR",1392,"2008"
"411","Africa","AZ.NM.NV.UT.CO",2517,"2008"
"412","Africa","MT.WY.ID.ND.SD.NE",568,"2008"
"413","Africa","KS.OK.MO.AR.IA.TN.KY",2604,"2008"
"414","Africa","LA.MS.AL.GA",3118,"2008"
"415","Africa","MN.WI.IL",5116,"2008"
"416","Africa","IN.MI.OH.WV",3348,"2008"
"417","Africa","SC.NC.VA",5109,"2008"
"418","Africa","MD.DC.DE.PA.NJ",10464,"2008"
"419","Africa","CT.RI.MA.NH.VT.ME",4572,"2008"
"420","Africa","Other",566,"2008"
"421","Asia Other","CA",81309,"2008"
"422","Asia Other","TX",14602,"2008"
"423","Asia Other","FL",7637,"2008"
"424","Asia Other","NY",12187,"2008"
"425","Asia Other","WA.OR",8136,"2008"
"426","Asia Other","AZ.NM.NV.UT.CO",10610,"2008"
"427","Asia Other","MT.WY.ID.ND.SD.NE",1190,"2008"
"428","Asia Other","KS.OK.MO.AR.IA.TN.KY",7138,"2008"
"429","Asia Other","LA.MS.AL.GA",6623,"2008"
"430","Asia Other","MN.WI.IL",11611,"2008"
"431","Asia Other","IN.MI.OH.WV",8703,"2008"
"432","Asia Other","SC.NC.VA",12419,"2008"
"433","Asia Other","MD.DC.DE.PA.NJ",21124,"2008"
"434","Asia Other","CT.RI.MA.NH.VT.ME",7578,"2008"
"435","Asia Other","Other",6890,"2008"
"436","Europe","CA",17573,"2008"
"437","Europe","TX",3768,"2008"
"438","Europe","FL",8352,"2008"
"439","Europe","NY",13439,"2008"
"440","Europe","WA.OR",6732,"2008"
"441","Europe","AZ.NM.NV.UT.CO",6343,"2008"
"442","Europe","MT.WY.ID.ND.SD.NE",1151,"2008"
"443","Europe","KS.OK.MO.AR.IA.TN.KY",4515,"2008"
"444","Europe","LA.MS.AL.GA",2929,"2008"
"445","Europe","MN.WI.IL",13963,"2008"
"446","Europe","IN.MI.OH.WV",6773,"2008"
"447","Europe","SC.NC.VA",4455,"2008"
"448","Europe","MD.DC.DE.PA.NJ",14846,"2008"
"449","Europe","CT.RI.MA.NH.VT.ME",9076,"2008"
"450","Europe","Other",1253,"2008"
"451","N.Amer. Other","CA",36944,"2008"
"452","N.Amer. Other","TX",9016,"2008"
"453","N.Amer. Other","FL",78181,"2008"
"454","N.Amer. Other","NY",35353,"2008"
"455","N.Amer. Other","WA.OR",1864,"2008"
"456","N.Amer. Other","AZ.NM.NV.UT.CO",5434,"2008"
"457","N.Amer. Other","MT.WY.ID.ND.SD.NE",703,"2008"
"458","N.Amer. Other","KS.OK.MO.AR.IA.TN.KY",2856,"2008"
"459","N.Amer. Other","LA.MS.AL.GA",5328,"2008"
"460","N.Amer. Other","MN.WI.IL",3234,"2008"
"461","N.Amer. Other","IN.MI.OH.WV",2547,"2008"
"462","N.Amer. Other","SC.NC.VA",6980,"2008"
"463","N.Amer. Other","MD.DC.DE.PA.NJ",23893,"2008"
"464","N.Amer. Other","CT.RI.MA.NH.VT.ME",13298,"2008"
"465","N.Amer. Other","Other",4122,"2008"
"466","Oceania","CA",2192,"2008"
"467","Oceania","TX",201,"2008"
"468","Oceania","FL",134,"2008"
"469","Oceania","NY",162,"2008"
"470","Oceania","WA.OR",330,"2008"
"471","Oceania","AZ.NM.NV.UT.CO",520,"2008"
"472","Oceania","MT.WY.ID.ND.SD.NE",44,"2008"
"473","Oceania","KS.OK.MO.AR.IA.TN.KY",122,"2008"
"474","Oceania","LA.MS.AL.GA",74,"2008"
"475","Oceania","MN.WI.IL",129,"2008"
"476","Oceania","IN.MI.OH.WV",117,"2008"
"477","Oceania","SC.NC.VA",157,"2008"
"478","Oceania","MD.DC.DE.PA.NJ",174,"2008"
"479","Oceania","CT.RI.MA.NH.VT.ME",114,"2008"
"480","Oceania","Other",310,"2008"
"481","S.Amer.","CA",8158,"2008"
"482","S.Amer.","TX",3446,"2008"
"483","S.Amer.","FL",24583,"2008"
"484","S.Amer.","NY",14459,"2008"
"485","S.Amer.","WA.OR",637,"2008"
"486","S.Amer.","AZ.NM.NV.UT.CO",2467,"2008"
"487","S.Amer.","MT.WY.ID.ND.SD.NE",210,"2008"
"488","S.Amer.","KS.OK.MO.AR.IA.TN.KY",1183,"2008"
"489","S.Amer.","LA.MS.AL.GA",2027,"2008"
"490","S.Amer.","MN.WI.IL",2046,"2008"
"491","S.Amer.","IN.MI.OH.WV",998,"2008"
"492","S.Amer.","SC.NC.VA",4465,"2008"
"493","S.Amer.","MD.DC.DE.PA.NJ",14169,"2008"
"494","S.Amer.","CT.RI.MA.NH.VT.ME",4801,"2008"
"495","S.Amer.","Other",1177,"2008"
"496","Mexico","CA",118062,"2008"
"497","Mexico","TX",40068,"2008"
"498","Mexico","FL",4182,"2008"
"499","Mexico","NY",1751,"2008"
"500","Mexico","WA.OR",5628,"2008"
"501","Mexico","AZ.NM.NV.UT.CO",26779,"2008"
"502","Mexico","MT.WY.ID.ND.SD.NE",2330,"2008"
"503","Mexico","KS.OK.MO.AR.IA.TN.KY",5856,"2008"
"504","Mexico","LA.MS.AL.GA",3030,"2008"
"505","Mexico","MN.WI.IL",15429,"2008"
"506","Mexico","IN.MI.OH.WV",2538,"2008"
"507","Mexico","SC.NC.VA",2259,"2008"
"508","Mexico","MD.DC.DE.PA.NJ",2199,"2008"
"509","Mexico","CT.RI.MA.NH.VT.ME",545,"2008"
"510","Mexico","Other",1156,"2008"
"511","India","CA",14126,"2008"
"512","India","TX",4839,"2008"
"513","India","FL",2123,"2008"
"514","India","NY",3488,"2008"
"515","India","WA.OR",1581,"2008"
"516","India","AZ.NM.NV.UT.CO",1644,"2008"
"517","India","MT.WY.ID.ND.SD.NE",223,"2008"
"518","India","KS.OK.MO.AR.IA.TN.KY",2454,"2008"
"519","India","LA.MS.AL.GA",2444,"2008"
"520","India","MN.WI.IL",5996,"2008"
"521","India","IN.MI.OH.WV",4706,"2008"
"522","India","SC.NC.VA",4590,"2008"
"523","India","MD.DC.DE.PA.NJ",14644,"2008"
"524","India","CT.RI.MA.NH.VT.ME",2779,"2008"
"525","India","Other",310,"2008"
"526","China","CA",14463,"2008"
"527","China","TX",1831,"2008"
"528","China","FL",762,"2008"
"529","China","NY",5867,"2008"
"530","China","WA.OR",1609,"2008"
"531","China","AZ.NM.NV.UT.CO",1279,"2008"
"532","China","MT.WY.ID.ND.SD.NE",181,"2008"
"533","China","KS.OK.MO.AR.IA.TN.KY",939,"2008"
"534","China","LA.MS.AL.GA",739,"2008"
"535","China","MN.WI.IL",2041,"2008"
"536","China","IN.MI.OH.WV",1587,"2008"
"537","China","SC.NC.VA",1465,"2008"
"538","China","MD.DC.DE.PA.NJ",4328,"2008"
"539","China","CT.RI.MA.NH.VT.ME",2321,"2008"
"540","China","Other",597,"2008"
"541","Africa","CA",5426,"2009"
"542","Africa","TX",4457,"2009"
"543","Africa","FL",2284,"2009"
"544","Africa","NY",5386,"2009"
"545","Africa","WA.OR",2347,"2009"
"546","Africa","AZ.NM.NV.UT.CO",2563,"2009"
"547","Africa","MT.WY.ID.ND.SD.NE",603,"2009"
"548","Africa","KS.OK.MO.AR.IA.TN.KY",2803,"2009"
"549","Africa","LA.MS.AL.GA",3248,"2009"
"550","Africa","MN.WI.IL",5722,"2009"
"551","Africa","IN.MI.OH.WV",3085,"2009"
"552","Africa","SC.NC.VA",6422,"2009"
"553","Africa","MD.DC.DE.PA.NJ",10401,"2009"
"554","Africa","CT.RI.MA.NH.VT.ME",4822,"2009"
"555","Africa","Other",804,"2009"
"556","Asia Other","CA",63891,"2009"
"557","Asia Other","TX",12641,"2009"
"558","Asia Other","FL",7147,"2009"
"559","Asia Other","NY",17421,"2009"
"560","Asia Other","WA.OR",8384,"2009"
"561","Asia Other","AZ.NM.NV.UT.CO",7929,"2009"
"562","Asia Other","MT.WY.ID.ND.SD.NE",924,"2009"
"563","Asia Other","KS.OK.MO.AR.IA.TN.KY",5938,"2009"
"564","Asia Other","LA.MS.AL.GA",6010,"2009"
"565","Asia Other","MN.WI.IL",8731,"2009"
"566","Asia Other","IN.MI.OH.WV",7053,"2009"
"567","Asia Other","SC.NC.VA",12588,"2009"
"568","Asia Other","MD.DC.DE.PA.NJ",15709,"2009"
"569","Asia Other","CT.RI.MA.NH.VT.ME",6896,"2009"
"570","Asia Other","Other",5050,"2009"
"571","Europe","CA",12055,"2009"
"572","Europe","TX",2854,"2009"
"573","Europe","FL",6738,"2009"
"574","Europe","NY",13889,"2009"
"575","Europe","WA.OR",5497,"2009"
"576","Europe","AZ.NM.NV.UT.CO",4060,"2009"
"577","Europe","MT.WY.ID.ND.SD.NE",748,"2009"
"578","Europe","KS.OK.MO.AR.IA.TN.KY",3157,"2009"
"579","Europe","LA.MS.AL.GA",2357,"2009"
"580","Europe","MN.WI.IL",10063,"2009"
"581","Europe","IN.MI.OH.WV",4689,"2009"
"582","Europe","SC.NC.VA",5095,"2009"
"583","Europe","MD.DC.DE.PA.NJ",10471,"2009"
"584","Europe","CT.RI.MA.NH.VT.ME",7270,"2009"
"585","Europe","Other",1193,"2009"
"586","N.Amer. Other","CA",17339,"2009"
"587","N.Amer. Other","TX",4968,"2009"
"588","N.Amer. Other","FL",44549,"2009"
"589","N.Amer. Other","NY",25815,"2009"
"590","N.Amer. Other","WA.OR",1512,"2009"
"591","N.Amer. Other","AZ.NM.NV.UT.CO",2832,"2009"
"592","N.Amer. Other","MT.WY.ID.ND.SD.NE",414,"2009"
"593","N.Amer. Other","KS.OK.MO.AR.IA.TN.KY",2021,"2009"
"594","N.Amer. Other","LA.MS.AL.GA",3693,"2009"
"595","N.Amer. Other","MN.WI.IL",1882,"2009"
"596","N.Amer. Other","IN.MI.OH.WV",1631,"2009"
"597","N.Amer. Other","SC.NC.VA",6462,"2009"
"598","N.Amer. Other","MD.DC.DE.PA.NJ",13675,"2009"
"599","N.Amer. Other","CT.RI.MA.NH.VT.ME",8629,"2009"
"600","N.Amer. Other","Other",2705,"2009"
"601","Oceania","CA",1531,"2009"
"602","Oceania","TX",147,"2009"
"603","Oceania","FL",116,"2009"
"604","Oceania","NY",178,"2009"
"605","Oceania","WA.OR",371,"2009"
"606","Oceania","AZ.NM.NV.UT.CO",353,"2009"
"607","Oceania","MT.WY.ID.ND.SD.NE",32,"2009"
"608","Oceania","KS.OK.MO.AR.IA.TN.KY",107,"2009"
"609","Oceania","LA.MS.AL.GA",92,"2009"
"610","Oceania","MN.WI.IL",87,"2009"
"611","Oceania","IN.MI.OH.WV",66,"2009"
"612","Oceania","SC.NC.VA",270,"2009"
"613","Oceania","MD.DC.DE.PA.NJ",178,"2009"
"614","Oceania","CT.RI.MA.NH.VT.ME",118,"2009"
"615","Oceania","Other",285,"2009"
"616","S.Amer.","CA",5710,"2009"
"617","S.Amer.","TX",2336,"2009"
"618","S.Amer.","FL",16777,"2009"
"619","S.Amer.","NY",12487,"2009"
"620","S.Amer.","WA.OR",616,"2009"
"621","S.Amer.","AZ.NM.NV.UT.CO",1571,"2009"
"622","S.Amer.","MT.WY.ID.ND.SD.NE",195,"2009"
"623","S.Amer.","KS.OK.MO.AR.IA.TN.KY",860,"2009"
"624","S.Amer.","LA.MS.AL.GA",1598,"2009"
"625","S.Amer.","MN.WI.IL",1370,"2009"
"626","S.Amer.","IN.MI.OH.WV",721,"2009"
"627","S.Amer.","SC.NC.VA",4122,"2009"
"628","S.Amer.","MD.DC.DE.PA.NJ",7990,"2009"
"629","S.Amer.","CT.RI.MA.NH.VT.ME",4260,"2009"
"630","S.Amer.","Other",950,"2009"
"631","Mexico","CA",50984,"2009"
"632","Mexico","TX",20715,"2009"
"633","Mexico","FL",2443,"2009"
"634","Mexico","NY",1163,"2009"
"635","Mexico","WA.OR",3010,"2009"
"636","Mexico","AZ.NM.NV.UT.CO",11994,"2009"
"637","Mexico","MT.WY.ID.ND.SD.NE",1224,"2009"
"638","Mexico","KS.OK.MO.AR.IA.TN.KY",3450,"2009"
"639","Mexico","LA.MS.AL.GA",1911,"2009"
"640","Mexico","MN.WI.IL",7311,"2009"
"641","Mexico","IN.MI.OH.WV",1695,"2009"
"642","Mexico","SC.NC.VA",2975,"2009"
"643","Mexico","MD.DC.DE.PA.NJ",1286,"2009"
"644","Mexico","CT.RI.MA.NH.VT.ME",404,"2009"
"645","Mexico","Other",1061,"2009"
"646","India","CA",10631,"2009"
"647","India","TX",4274,"2009"
"648","India","FL",1876,"2009"
"649","India","NY",4099,"2009"
"650","India","WA.OR",1758,"2009"
"651","India","AZ.NM.NV.UT.CO",1172,"2009"
"652","India","MT.WY.ID.ND.SD.NE",167,"2009"
"653","India","KS.OK.MO.AR.IA.TN.KY",1900,"2009"
"654","India","LA.MS.AL.GA",2091,"2009"
"655","India","MN.WI.IL",4079,"2009"
"656","India","IN.MI.OH.WV",3249,"2009"
"657","India","SC.NC.VA",5027,"2009"
"658","India","MD.DC.DE.PA.NJ",9618,"2009"
"659","India","CT.RI.MA.NH.VT.ME",2616,"2009"
"660","India","Other",312,"2009"
"661","China","CA",12048,"2009"
"662","China","TX",1536,"2009"
"663","China","FL",746,"2009"
"664","China","NY",8210,"2009"
"665","China","WA.OR",1391,"2009"
"666","China","AZ.NM.NV.UT.CO",1039,"2009"
"667","China","MT.WY.ID.ND.SD.NE",143,"2009"
"668","China","KS.OK.MO.AR.IA.TN.KY",799,"2009"
"669","China","LA.MS.AL.GA",699,"2009"
"670","China","MN.WI.IL",1709,"2009"
"671","China","IN.MI.OH.WV",1148,"2009"
"672","China","SC.NC.VA",1518,"2009"
"673","China","MD.DC.DE.PA.NJ",3349,"2009"
"674","China","CT.RI.MA.NH.VT.ME",2211,"2009"
"675","China","Other",578,"2009"
"676","Africa","CA",5480,"2010"
"677","Africa","TX",5238,"2010"
"678","Africa","FL",2206,"2010"
"679","Africa","NY",4881,"2010"
"680","Africa","WA.OR",2579,"2010"
"681","Africa","AZ.NM.NV.UT.CO",2939,"2010"
"682","Africa","MT.WY.ID.ND.SD.NE",670,"2010"
"683","Africa","KS.OK.MO.AR.IA.TN.KY",3117,"2010"
"684","Africa","LA.MS.AL.GA",4127,"2010"
"685","Africa","MN.WI.IL",6712,"2010"
"686","Africa","IN.MI.OH.WV",3739,"2010"
"687","Africa","SC.NC.VA",5324,"2010"
"688","Africa","MD.DC.DE.PA.NJ",11587,"2010"
"689","Africa","CT.RI.MA.NH.VT.ME",4769,"2010"
"690","Africa","Other",644,"2010"
"691","Asia Other","CA",50338,"2010"
"692","Asia Other","TX",12050,"2010"
"693","Asia Other","FL",6248,"2010"
"694","Asia Other","NY",14161,"2010"
"695","Asia Other","WA.OR",6510,"2010"
"696","Asia Other","AZ.NM.NV.UT.CO",6991,"2010"
"697","Asia Other","MT.WY.ID.ND.SD.NE",752,"2010"
"698","Asia Other","KS.OK.MO.AR.IA.TN.KY",5061,"2010"
"699","Asia Other","LA.MS.AL.GA",5712,"2010"
"700","Asia Other","MN.WI.IL",8818,"2010"
"701","Asia Other","IN.MI.OH.WV",7050,"2010"
"702","Asia Other","SC.NC.VA",8475,"2010"
"703","Asia Other","MD.DC.DE.PA.NJ",14666,"2010"
"704","Asia Other","CT.RI.MA.NH.VT.ME",5767,"2010"
"705","Asia Other","Other",3845,"2010"
"706","Europe","CA",9987,"2010"
"707","Europe","TX",3037,"2010"
"708","Europe","FL",6063,"2010"
"709","Europe","NY",11190,"2010"
"710","Europe","WA.OR",4668,"2010"
"711","Europe","AZ.NM.NV.UT.CO",3939,"2010"
"712","Europe","MT.WY.ID.ND.SD.NE",635,"2010"
"713","Europe","KS.OK.MO.AR.IA.TN.KY",2791,"2010"
"714","Europe","LA.MS.AL.GA",2470,"2010"
"715","Europe","MN.WI.IL",8466,"2010"
"716","Europe","IN.MI.OH.WV",4660,"2010"
"717","Europe","SC.NC.VA",3451,"2010"
"718","Europe","MD.DC.DE.PA.NJ",9225,"2010"
"719","Europe","CT.RI.MA.NH.VT.ME",6335,"2010"
"720","Europe","Other",1004,"2010"
"721","N.Amer. Other","CA",9260,"2010"
"722","N.Amer. Other","TX",4241,"2010"
"723","N.Amer. Other","FL",29434,"2010"
"724","N.Amer. Other","NY",17356,"2010"
"725","N.Amer. Other","WA.OR",1302,"2010"
"726","N.Amer. Other","AZ.NM.NV.UT.CO",2477,"2010"
"727","N.Amer. Other","MT.WY.ID.ND.SD.NE",364,"2010"
"728","N.Amer. Other","KS.OK.MO.AR.IA.TN.KY",1625,"2010"
"729","N.Amer. Other","LA.MS.AL.GA",3397,"2010"
"730","N.Amer. Other","MN.WI.IL",1717,"2010"
"731","N.Amer. Other","IN.MI.OH.WV",1522,"2010"
"732","N.Amer. Other","SC.NC.VA",3796,"2010"
"733","N.Amer. Other","MD.DC.DE.PA.NJ",11288,"2010"
"734","N.Amer. Other","CT.RI.MA.NH.VT.ME",6679,"2010"
"735","N.Amer. Other","Other",1911,"2010"
"736","Oceania","CA",1491,"2010"
"737","Oceania","TX",170,"2010"
"738","Oceania","FL",98,"2010"
"739","Oceania","NY",131,"2010"
"740","Oceania","WA.OR",338,"2010"
"741","Oceania","AZ.NM.NV.UT.CO",324,"2010"
"742","Oceania","MT.WY.ID.ND.SD.NE",23,"2010"
"743","Oceania","KS.OK.MO.AR.IA.TN.KY",109,"2010"
"744","Oceania","LA.MS.AL.GA",76,"2010"
"745","Oceania","MN.WI.IL",87,"2010"
"746","Oceania","IN.MI.OH.WV",67,"2010"
"747","Oceania","SC.NC.VA",178,"2010"
"748","Oceania","MD.DC.DE.PA.NJ",146,"2010"
"749","Oceania","CT.RI.MA.NH.VT.ME",120,"2010"
"750","Oceania","Other",285,"2010"
"751","S.Amer.","CA",4309,"2010"
"752","S.Amer.","TX",2932,"2010"
"753","S.Amer.","FL",18877,"2010"
"754","S.Amer.","NY",8707,"2010"
"755","S.Amer.","WA.OR",622,"2010"
"756","S.Amer.","AZ.NM.NV.UT.CO",1678,"2010"
"757","S.Amer.","MT.WY.ID.ND.SD.NE",128,"2010"
"758","S.Amer.","KS.OK.MO.AR.IA.TN.KY",988,"2010"
"759","S.Amer.","LA.MS.AL.GA",2130,"2010"
"760","S.Amer.","MN.WI.IL",1551,"2010"
"761","S.Amer.","IN.MI.OH.WV",900,"2010"
"762","S.Amer.","SC.NC.VA",3032,"2010"
"763","S.Amer.","MD.DC.DE.PA.NJ",7420,"2010"
"764","S.Amer.","CT.RI.MA.NH.VT.ME",4304,"2010"
"765","S.Amer.","Other",819,"2010"
"766","Mexico","CA",24446,"2010"
"767","Mexico","TX",14416,"2010"
"768","Mexico","FL",1637,"2010"
"769","Mexico","NY",761,"2010"
"770","Mexico","WA.OR",2558,"2010"
"771","Mexico","AZ.NM.NV.UT.CO",8466,"2010"
"772","Mexico","MT.WY.ID.ND.SD.NE",886,"2010"
"773","Mexico","KS.OK.MO.AR.IA.TN.KY",2559,"2010"
"774","Mexico","LA.MS.AL.GA",1682,"2010"
"775","Mexico","MN.WI.IL",5019,"2010"
"776","Mexico","IN.MI.OH.WV",1284,"2010"
"777","Mexico","SC.NC.VA",1438,"2010"
"778","Mexico","MD.DC.DE.PA.NJ",1100,"2010"
"779","Mexico","CT.RI.MA.NH.VT.ME",275,"2010"
"780","Mexico","Other",536,"2010"
"781","India","CA",12719,"2010"
"782","India","TX",5876,"2010"
"783","India","FL",2123,"2010"
"784","India","NY",3603,"2010"
"785","India","WA.OR",2034,"2010"
"786","India","AZ.NM.NV.UT.CO",1531,"2010"
"787","India","MT.WY.ID.ND.SD.NE",177,"2010"
"788","India","KS.OK.MO.AR.IA.TN.KY",2300,"2010"
"789","India","LA.MS.AL.GA",3312,"2010"
"790","India","MN.WI.IL",5177,"2010"
"791","India","IN.MI.OH.WV",3835,"2010"
"792","India","SC.NC.VA",4016,"2010"
"793","India","MD.DC.DE.PA.NJ",10852,"2010"
"794","India","CT.RI.MA.NH.VT.ME",3295,"2010"
"795","India","Other",285,"2010"
"796","China","CA",11271,"2010"
"797","China","TX",1705,"2010"
"798","China","FL",771,"2010"
"799","China","NY",7167,"2010"
"800","China","WA.OR",1125,"2010"
"801","China","AZ.NM.NV.UT.CO",1051,"2010"
"802","China","MT.WY.ID.ND.SD.NE",151,"2010"
"803","China","KS.OK.MO.AR.IA.TN.KY",748,"2010"
"804","China","LA.MS.AL.GA",750,"2010"
"805","China","MN.WI.IL",1481,"2010"
"806","China","IN.MI.OH.WV",1086,"2010"
"807","China","SC.NC.VA",1155,"2010"
"808","China","MD.DC.DE.PA.NJ",3072,"2010"
"809","China","CT.RI.MA.NH.VT.ME",1994,"2010"
"810","China","Other",437,"2010"
"811","Africa","CA",5686,"2011"
"812","Africa","TX",5409,"2011"
"813","Africa","FL",2388,"2011"
"814","Africa","NY",5770,"2011"
"815","Africa","WA.OR",2931,"2011"
"816","Africa","AZ.NM.NV.UT.CO",3216,"2011"
"817","Africa","MT.WY.ID.ND.SD.NE",861,"2011"
"818","Africa","KS.OK.MO.AR.IA.TN.KY",3644,"2011"
"819","Africa","LA.MS.AL.GA",3831,"2011"
"820","Africa","MN.WI.IL",8171,"2011"
"821","Africa","IN.MI.OH.WV",4121,"2011"
"822","Africa","SC.NC.VA",4971,"2011"
"823","Africa","MD.DC.DE.PA.NJ",11666,"2011"
"824","Africa","CT.RI.MA.NH.VT.ME",5681,"2011"
"825","Africa","Other",1379,"2011"
"826","Asia Other","CA",58299,"2011"
"827","Asia Other","TX",12008,"2011"
"828","Asia Other","FL",7194,"2011"
"829","Asia Other","NY",15565,"2011"
"830","Asia Other","WA.OR",6505,"2011"
"831","Asia Other","AZ.NM.NV.UT.CO",7727,"2011"
"832","Asia Other","MT.WY.ID.ND.SD.NE",819,"2011"
"833","Asia Other","KS.OK.MO.AR.IA.TN.KY",5393,"2011"
"834","Asia Other","LA.MS.AL.GA",5663,"2011"
"835","Asia Other","MN.WI.IL",10646,"2011"
"836","Asia Other","IN.MI.OH.WV",7430,"2011"
"837","Asia Other","SC.NC.VA",7696,"2011"
"838","Asia Other","MD.DC.DE.PA.NJ",14455,"2011"
"839","Asia Other","CT.RI.MA.NH.VT.ME",5884,"2011"
"840","Asia Other","Other",5637,"2011"
"841","Europe","CA",10760,"2011"
"842","Europe","TX",2953,"2011"
"843","Europe","FL",7103,"2011"
"844","Europe","NY",11460,"2011"
"845","Europe","WA.OR",5250,"2011"
"846","Europe","AZ.NM.NV.UT.CO",4189,"2011"
"847","Europe","MT.WY.ID.ND.SD.NE",710,"2011"
"848","Europe","KS.OK.MO.AR.IA.TN.KY",3086,"2011"
"849","Europe","LA.MS.AL.GA",2525,"2011"
"850","Europe","MN.WI.IL",9196,"2011"
"851","Europe","IN.MI.OH.WV",4542,"2011"
"852","Europe","SC.NC.VA",3488,"2011"
"853","Europe","MD.DC.DE.PA.NJ",9067,"2011"
"854","Europe","CT.RI.MA.NH.VT.ME",6312,"2011"
"855","Europe","Other",1288,"2011"
"856","N.Amer. Other","CA",12455,"2011"
"857","N.Amer. Other","TX",4893,"2011"
"858","N.Amer. Other","FL",41020,"2011"
"859","N.Amer. Other","NY",21856,"2011"
"860","N.Amer. Other","WA.OR",1394,"2011"
"861","N.Amer. Other","AZ.NM.NV.UT.CO",3190,"2011"
"862","N.Amer. Other","MT.WY.ID.ND.SD.NE",451,"2011"
"863","N.Amer. Other","KS.OK.MO.AR.IA.TN.KY",2083,"2011"
"864","N.Amer. Other","LA.MS.AL.GA",3629,"2011"
"865","N.Amer. Other","MN.WI.IL",2168,"2011"
"866","N.Amer. Other","IN.MI.OH.WV",1688,"2011"
"867","N.Amer. Other","SC.NC.VA",3965,"2011"
"868","N.Amer. Other","MD.DC.DE.PA.NJ",12359,"2011"
"869","N.Amer. Other","CT.RI.MA.NH.VT.ME",8481,"2011"
"870","N.Amer. Other","Other",2781,"2011"
"871","Oceania","CA",1568,"2011"
"872","Oceania","TX",172,"2011"
"873","Oceania","FL",100,"2011"
"874","Oceania","NY",134,"2011"
"875","Oceania","WA.OR",331,"2011"
"876","Oceania","AZ.NM.NV.UT.CO",327,"2011"
"877","Oceania","MT.WY.ID.ND.SD.NE",30,"2011"
"878","Oceania","KS.OK.MO.AR.IA.TN.KY",128,"2011"
"879","Oceania","LA.MS.AL.GA",74,"2011"
"880","Oceania","MN.WI.IL",94,"2011"
"881","Oceania","IN.MI.OH.WV",85,"2011"
"882","Oceania","SC.NC.VA",147,"2011"
"883","Oceania","MD.DC.DE.PA.NJ",139,"2011"
"884","Oceania","CT.RI.MA.NH.VT.ME",129,"2011"
"885","Oceania","Other",269,"2011"
"886","S.Amer.","CA",5195,"2011"
"887","S.Amer.","TX",2938,"2011"
"888","S.Amer.","FL",24473,"2011"
"889","S.Amer.","NY",10178,"2011"
"890","S.Amer.","WA.OR",635,"2011"
"891","S.Amer.","AZ.NM.NV.UT.CO",2061,"2011"
"892","S.Amer.","MT.WY.ID.ND.SD.NE",116,"2011"
"893","S.Amer.","KS.OK.MO.AR.IA.TN.KY",1216,"2011"
"894","S.Amer.","LA.MS.AL.GA",2196,"2011"
"895","S.Amer.","MN.WI.IL",1803,"2011"
"896","S.Amer.","IN.MI.OH.WV",989,"2011"
"897","S.Amer.","SC.NC.VA",3397,"2011"
"898","S.Amer.","MD.DC.DE.PA.NJ",8321,"2011"
"899","S.Amer.","CT.RI.MA.NH.VT.ME",5329,"2011"
"900","S.Amer.","Other",1348,"2011"
"901","Mexico","CA",37011,"2011"
"902","Mexico","TX",18862,"2011"
"903","Mexico","FL",2330,"2011"
"904","Mexico","NY",963,"2011"
"905","Mexico","WA.OR",3347,"2011"
"906","Mexico","AZ.NM.NV.UT.CO",12202,"2011"
"907","Mexico","MT.WY.ID.ND.SD.NE",1243,"2011"
"908","Mexico","KS.OK.MO.AR.IA.TN.KY",3283,"2011"
"909","Mexico","LA.MS.AL.GA",2336,"2011"
"910","Mexico","MN.WI.IL",7107,"2011"
"911","Mexico","IN.MI.OH.WV",1663,"2011"
"912","Mexico","SC.NC.VA",1929,"2011"
"913","Mexico","MD.DC.DE.PA.NJ",1427,"2011"
"914","Mexico","CT.RI.MA.NH.VT.ME",398,"2011"
"915","Mexico","Other",681,"2011"
"916","India","CA",9549,"2011"
"917","India","TX",4216,"2011"
"918","India","FL",1834,"2011"
"919","India","NY",3326,"2011"
"920","India","WA.OR",1401,"2011"
"921","India","AZ.NM.NV.UT.CO",1169,"2011"
"922","India","MT.WY.ID.ND.SD.NE",147,"2011"
"923","India","KS.OK.MO.AR.IA.TN.KY",1762,"2011"
"924","India","LA.MS.AL.GA",2400,"2011"
"925","India","MN.WI.IL",3885,"2011"
"926","India","IN.MI.OH.WV",2662,"2011"
"927","India","SC.NC.VA",2572,"2011"
"928","India","MD.DC.DE.PA.NJ",8110,"2011"
"929","India","CT.RI.MA.NH.VT.ME",2429,"2011"
"930","India","Other",511,"2011"
"931","China","CA",10619,"2011"
"932","China","TX",1447,"2011"
"933","China","FL",840,"2011"
"934","China","NY",7329,"2011"
"935","China","WA.OR",1176,"2011"
"936","China","AZ.NM.NV.UT.CO",1045,"2011"
"937","China","MT.WY.ID.ND.SD.NE",136,"2011"
"938","China","KS.OK.MO.AR.IA.TN.KY",774,"2011"
"939","China","LA.MS.AL.GA",829,"2011"
"940","China","MN.WI.IL",1509,"2011"
"941","China","IN.MI.OH.WV",908,"2011"
"942","China","SC.NC.VA",980,"2011"
"943","China","MD.DC.DE.PA.NJ",2708,"2011"
"944","China","CT.RI.MA.NH.VT.ME",2008,"2011"
"945","China","Other",550,"2011"
"946","Africa","CA",5491,"2012"
"947","Africa","TX",5880,"2012"
"948","Africa","FL",2019,"2012"
"949","Africa","NY",6568,"2012"
"950","Africa","WA.OR",3135,"2012"
"951","Africa","AZ.NM.NV.UT.CO",3426,"2012"
"952","Africa","MT.WY.ID.ND.SD.NE",1123,"2012"
"953","Africa","KS.OK.MO.AR.IA.TN.KY",4115,"2012"
"954","Africa","LA.MS.AL.GA",3727,"2012"
"955","Africa","MN.WI.IL",8885,"2012"
"956","Africa","IN.MI.OH.WV",4615,"2012"
"957","Africa","SC.NC.VA",7049,"2012"
"958","Africa","MD.DC.DE.PA.NJ",12552,"2012"
"959","Africa","CT.RI.MA.NH.VT.ME",5654,"2012"
"960","Africa","Other",530,"2012"
"961","Asia Other","CA",63303,"2012"
"962","Asia Other","TX",12731,"2012"
"963","Asia Other","FL",6822,"2012"
"964","Asia Other","NY",17429,"2012"
"965","Asia Other","WA.OR",6614,"2012"
"966","Asia Other","AZ.NM.NV.UT.CO",7469,"2012"
"967","Asia Other","MT.WY.ID.ND.SD.NE",887,"2012"
"968","Asia Other","KS.OK.MO.AR.IA.TN.KY",5806,"2012"
"969","Asia Other","LA.MS.AL.GA",5455,"2012"
"970","Asia Other","MN.WI.IL",10942,"2012"
"971","Asia Other","IN.MI.OH.WV",8264,"2012"
"972","Asia Other","SC.NC.VA",10935,"2012"
"973","Asia Other","MD.DC.DE.PA.NJ",15482,"2012"
"974","Asia Other","CT.RI.MA.NH.VT.ME",5621,"2012"
"975","Asia Other","Other",4412,"2012"
"976","Europe","CA",11241,"2012"
"977","Europe","TX",2894,"2012"
"978","Europe","FL",6445,"2012"
"979","Europe","NY",11957,"2012"
"980","Europe","WA.OR",5231,"2012"
"981","Europe","AZ.NM.NV.UT.CO",3948,"2012"
"982","Europe","MT.WY.ID.ND.SD.NE",701,"2012"
"983","Europe","KS.OK.MO.AR.IA.TN.KY",3378,"2012"
"984","Europe","LA.MS.AL.GA",2361,"2012"
"985","Europe","MN.WI.IL",8877,"2012"
"986","Europe","IN.MI.OH.WV",4749,"2012"
"987","Europe","SC.NC.VA",4353,"2012"
"988","Europe","MD.DC.DE.PA.NJ",9446,"2012"
"989","Europe","CT.RI.MA.NH.VT.ME",6182,"2012"
"990","Europe","Other",926,"2012"
"991","N.Amer. Other","CA",13899,"2012"
"992","N.Amer. Other","TX",5915,"2012"
"993","N.Amer. Other","FL",56153,"2012"
"994","N.Amer. Other","NY",31709,"2012"
"995","N.Amer. Other","WA.OR",1462,"2012"
"996","N.Amer. Other","AZ.NM.NV.UT.CO",3246,"2012"
"997","N.Amer. Other","MT.WY.ID.ND.SD.NE",458,"2012"
"998","N.Amer. Other","KS.OK.MO.AR.IA.TN.KY",2280,"2012"
"999","N.Amer. Other","LA.MS.AL.GA",3679,"2012"
"1000","N.Amer. Other","MN.WI.IL",2261,"2012"
"1001","N.Amer. Other","IN.MI.OH.WV",1855,"2012"
"1002","N.Amer. Other","SC.NC.VA",5902,"2012"
"1003","N.Amer. Other","MD.DC.DE.PA.NJ",17785,"2012"
"1004","N.Amer. Other","CT.RI.MA.NH.VT.ME",9769,"2012"
"1005","N.Amer. Other","Other",2596,"2012"
"1006","Oceania","CA",1569,"2012"
"1007","Oceania","TX",166,"2012"
"1008","Oceania","FL",100,"2012"
"1009","Oceania","NY",149,"2012"
"1010","Oceania","WA.OR",378,"2012"
"1011","Oceania","AZ.NM.NV.UT.CO",376,"2012"
"1012","Oceania","MT.WY.ID.ND.SD.NE",42,"2012"
"1013","Oceania","KS.OK.MO.AR.IA.TN.KY",133,"2012"
"1014","Oceania","LA.MS.AL.GA",69,"2012"
"1015","Oceania","MN.WI.IL",116,"2012"
"1016","Oceania","IN.MI.OH.WV",83,"2012"
"1017","Oceania","SC.NC.VA",190,"2012"
"1018","Oceania","MD.DC.DE.PA.NJ",161,"2012"
"1019","Oceania","CT.RI.MA.NH.VT.ME",123,"2012"
"1020","Oceania","Other",229,"2012"
"1021","S.Amer.","CA",5394,"2012"
"1022","S.Amer.","TX",3283,"2012"
"1023","S.Amer.","FL",24740,"2012"
"1024","S.Amer.","NY",12577,"2012"
"1025","S.Amer.","WA.OR",715,"2012"
"1026","S.Amer.","AZ.NM.NV.UT.CO",1898,"2012"
"1027","S.Amer.","MT.WY.ID.ND.SD.NE",179,"2012"
"1028","S.Amer.","KS.OK.MO.AR.IA.TN.KY",1198,"2012"
"1029","S.Amer.","LA.MS.AL.GA",2238,"2012"
"1030","S.Amer.","MN.WI.IL",1729,"2012"
"1031","S.Amer.","IN.MI.OH.WV",1019,"2012"
"1032","S.Amer.","SC.NC.VA",5052,"2012"
"1033","S.Amer.","MD.DC.DE.PA.NJ",10599,"2012"
"1034","S.Amer.","CT.RI.MA.NH.VT.ME",5470,"2012"
"1035","S.Amer.","Other",785,"2012"
"1036","Mexico","CA",39755,"2012"
"1037","Mexico","TX",21535,"2012"
"1038","Mexico","FL",2413,"2012"
"1039","Mexico","NY",1248,"2012"
"1040","Mexico","WA.OR",3372,"2012"
"1041","Mexico","AZ.NM.NV.UT.CO",12712,"2012"
"1042","Mexico","MT.WY.ID.ND.SD.NE",1175,"2012"
"1043","Mexico","KS.OK.MO.AR.IA.TN.KY",3619,"2012"
"1044","Mexico","LA.MS.AL.GA",2310,"2012"
"1045","Mexico","MN.WI.IL",7005,"2012"
"1046","Mexico","IN.MI.OH.WV",1838,"2012"
"1047","Mexico","SC.NC.VA",2586,"2012"
"1048","Mexico","MD.DC.DE.PA.NJ",1688,"2012"
"1049","Mexico","CT.RI.MA.NH.VT.ME",424,"2012"
"1050","Mexico","Other",501,"2012"
"1051","India","CA",8799,"2012"
"1052","India","TX",4040,"2012"
"1053","India","FL",1512,"2012"
"1054","India","NY",3044,"2012"
"1055","India","WA.OR",1367,"2012"
"1056","India","AZ.NM.NV.UT.CO",1016,"2012"
"1057","India","MT.WY.ID.ND.SD.NE",129,"2012"
"1058","India","KS.OK.MO.AR.IA.TN.KY",1633,"2012"
"1059","India","LA.MS.AL.GA",1990,"2012"
"1060","India","MN.WI.IL",3497,"2012"
"1061","India","IN.MI.OH.WV",2463,"2012"
"1062","India","SC.NC.VA",2963,"2012"
"1063","India","MD.DC.DE.PA.NJ",8315,"2012"
"1064","India","CT.RI.MA.NH.VT.ME",1961,"2012"
"1065","India","Other",184,"2012"
"1066","China","CA",9342,"2012"
"1067","China","TX",1292,"2012"
"1068","China","FL",648,"2012"
"1069","China","NY",8890,"2012"
"1070","China","WA.OR",1115,"2012"
"1071","China","AZ.NM.NV.UT.CO",916,"2012"
"1072","China","MT.WY.ID.ND.SD.NE",104,"2012"
"1073","China","KS.OK.MO.AR.IA.TN.KY",741,"2012"
"1074","China","LA.MS.AL.GA",645,"2012"
"1075","China","MN.WI.IL",1422,"2012"
"1076","China","IN.MI.OH.WV",944,"2012"
"1077","China","SC.NC.VA",1146,"2012"
"1078","China","MD.DC.DE.PA.NJ",2528,"2012"
"1079","China","CT.RI.MA.NH.VT.ME",1723,"2012"
"1080","China","Other",400,"2012"
"1081","Africa","CA",5763,"2013"
"1082","Africa","TX",5687,"2013"
"1083","Africa","FL",2135,"2013"
"1084","Africa","NY",6440,"2013"
"1085","Africa","WA.OR",2726,"2013"
"1086","Africa","AZ.NM.NV.UT.CO",3057,"2013"
"1087","Africa","MT.WY.ID.ND.SD.NE",1219,"2013"
"1088","Africa","KS.OK.MO.AR.IA.TN.KY",4128,"2013"
"1089","Africa","LA.MS.AL.GA",4001,"2013"
"1090","Africa","MN.WI.IL",7353,"2013"
"1091","Africa","IN.MI.OH.WV",4771,"2013"
"1092","Africa","SC.NC.VA",6353,"2013"
"1093","Africa","MD.DC.DE.PA.NJ",12643,"2013"
"1094","Africa","CT.RI.MA.NH.VT.ME",5139,"2013"
"1095","Africa","Other",449,"2013"
"1096","Asia Other","CA",63344,"2013"
"1097","Asia Other","TX",13725,"2013"
"1098","Asia Other","FL",6854,"2013"
"1099","Asia Other","NY",19504,"2013"
"1100","Asia Other","WA.OR",7256,"2013"
"1101","Asia Other","AZ.NM.NV.UT.CO",8170,"2013"
"1102","Asia Other","MT.WY.ID.ND.SD.NE",1249,"2013"
"1103","Asia Other","KS.OK.MO.AR.IA.TN.KY",6384,"2013"
"1104","Asia Other","LA.MS.AL.GA",6072,"2013"
"1105","Asia Other","MN.WI.IL",11017,"2013"
"1106","Asia Other","IN.MI.OH.WV",9714,"2013"
"1107","Asia Other","SC.NC.VA",10982,"2013"
"1108","Asia Other","MD.DC.DE.PA.NJ",16077,"2013"
"1109","Asia Other","CT.RI.MA.NH.VT.ME",5706,"2013"
"1110","Asia Other","Other",4292,"2013"
"1111","Europe","CA",11455,"2013"
"1112","Europe","TX",3017,"2013"
"1113","Europe","FL",6645,"2013"
"1114","Europe","NY",11380,"2013"
"1115","Europe","WA.OR",4726,"2013"
"1116","Europe","AZ.NM.NV.UT.CO",3495,"2013"
"1117","Europe","MT.WY.ID.ND.SD.NE",704,"2013"
"1118","Europe","KS.OK.MO.AR.IA.TN.KY",3112,"2013"
"1119","Europe","LA.MS.AL.GA",2468,"2013"
"1120","Europe","MN.WI.IL",8590,"2013"
"1121","Europe","IN.MI.OH.WV",4769,"2013"
"1122","Europe","SC.NC.VA",4196,"2013"
"1123","Europe","MD.DC.DE.PA.NJ",8984,"2013"
"1124","Europe","CT.RI.MA.NH.VT.ME",6049,"2013"
"1125","Europe","Other",725,"2013"
"1126","N.Amer. Other","CA",15464,"2013"
"1127","N.Amer. Other","TX",5865,"2013"
"1128","N.Amer. Other","FL",57289,"2013"
"1129","N.Amer. Other","NY",39692,"2013"
"1130","N.Amer. Other","WA.OR",1510,"2013"
"1131","N.Amer. Other","AZ.NM.NV.UT.CO",3123,"2013"
"1132","N.Amer. Other","MT.WY.ID.ND.SD.NE",524,"2013"
"1133","N.Amer. Other","KS.OK.MO.AR.IA.TN.KY",2331,"2013"
"1134","N.Amer. Other","LA.MS.AL.GA",4118,"2013"
"1135","N.Amer. Other","MN.WI.IL",2320,"2013"
"1136","N.Amer. Other","IN.MI.OH.WV",2064,"2013"
"1137","N.Amer. Other","SC.NC.VA",5961,"2013"
"1138","N.Amer. Other","MD.DC.DE.PA.NJ",18814,"2013"
"1139","N.Amer. Other","CT.RI.MA.NH.VT.ME",10032,"2013"
"1140","N.Amer. Other","Other",2771,"2013"
"1141","Oceania","CA",1527,"2013"
"1142","Oceania","TX",166,"2013"
"1143","Oceania","FL",126,"2013"
"1144","Oceania","NY",155,"2013"
"1145","Oceania","WA.OR",4,"2013"
"1146","Oceania","AZ.NM.NV.UT.CO",160,"2013"
"1147","Oceania","MT.WY.ID.ND.SD.NE",32,"2013"
"1148","Oceania","KS.OK.MO.AR.IA.TN.KY",62,"2013"
"1149","Oceania","LA.MS.AL.GA",97,"2013"
"1150","Oceania","MN.WI.IL",98,"2013"
"1151","Oceania","IN.MI.OH.WV",55,"2013"
"1152","Oceania","SC.NC.VA",93,"2013"
"1153","Oceania","MD.DC.DE.PA.NJ",57,"2013"
"1154","Oceania","CT.RI.MA.NH.VT.ME",123,"2013"
"1155","Oceania","Other",263,"2013"
"1156","S.Amer.","CA",5557,"2013"
"1157","S.Amer.","TX",3306,"2013"
"1158","S.Amer.","FL",23505,"2013"
"1159","S.Amer.","NY",14864,"2013"
"1160","S.Amer.","WA.OR",722,"2013"
"1161","S.Amer.","AZ.NM.NV.UT.CO",1871,"2013"
"1162","S.Amer.","MT.WY.ID.ND.SD.NE",202,"2013"
"1163","S.Amer.","KS.OK.MO.AR.IA.TN.KY",1104,"2013"
"1164","S.Amer.","LA.MS.AL.GA",2358,"2013"
"1165","S.Amer.","MN.WI.IL",1622,"2013"
"1166","S.Amer.","IN.MI.OH.WV",956,"2013"
"1167","S.Amer.","SC.NC.VA",4309,"2013"
"1168","S.Amer.","MD.DC.DE.PA.NJ",9875,"2013"
"1169","S.Amer.","CT.RI.MA.NH.VT.ME",5004,"2013"
"1170","S.Amer.","Other",665,"2013"
"1171","Mexico","CA",40238,"2013"
"1172","Mexico","TX",20232,"2013"
"1173","Mexico","FL",2694,"2013"
"1174","Mexico","NY",1443,"2013"
"1175","Mexico","WA.OR",3241,"2013"
"1176","Mexico","AZ.NM.NV.UT.CO",11213,"2013"
"1177","Mexico","MT.WY.ID.ND.SD.NE",1009,"2013"
"1178","Mexico","KS.OK.MO.AR.IA.TN.KY",3624,"2013"
"1179","Mexico","LA.MS.AL.GA",2304,"2013"
"1180","Mexico","MN.WI.IL",6317,"2013"
"1181","Mexico","IN.MI.OH.WV",1958,"2013"
"1182","Mexico","SC.NC.VA",2533,"2013"
"1183","Mexico","MD.DC.DE.PA.NJ",1677,"2013"
"1184","Mexico","CT.RI.MA.NH.VT.ME",469,"2013"
"1185","Mexico","Other",427,"2013"
"1186","India","CA",10820,"2013"
"1187","India","TX",4476,"2013"
"1188","India","FL",1741,"2013"
"1189","India","NY",3638,"2013"
"1190","India","WA.OR",1658,"2013"
"1191","India","AZ.NM.NV.UT.CO",1195,"2013"
"1192","India","MT.WY.ID.ND.SD.NE",198,"2013"
"1193","India","KS.OK.MO.AR.IA.TN.KY",1770,"2013"
"1194","India","LA.MS.AL.GA",2604,"2013"
"1195","India","MN.WI.IL",3968,"2013"
"1196","India","IN.MI.OH.WV",2970,"2013"
"1197","India","SC.NC.VA",3412,"2013"
"1198","India","MD.DC.DE.PA.NJ",8908,"2013"
"1199","India","CT.RI.MA.NH.VT.ME",2358,"2013"
"1200","India","Other",174,"2013"
"1201","China","CA",10600,"2013"
"1202","China","TX",1462,"2013"
"1203","China","FL",768,"2013"
"1204","China","NY",10209,"2013"
"1205","China","WA.OR",1156,"2013"
"1206","China","AZ.NM.NV.UT.CO",862,"2013"
"1207","China","MT.WY.ID.ND.SD.NE",118,"2013"
"1208","China","KS.OK.MO.AR.IA.TN.KY",877,"2013"
"1209","China","LA.MS.AL.GA",764,"2013"
"1210","China","MN.WI.IL",1439,"2013"
"1211","China","IN.MI.OH.WV",1060,"2013"
"1212","China","SC.NC.VA",1255,"2013"
"1213","China","MD.DC.DE.PA.NJ",2823,"2013"
"1214","China","CT.RI.MA.NH.VT.ME",1637,"2013"
"1215","China","Other",352,"2013"
"1216","Africa","CA",4515,"2014"
"1217","Africa","TX",4968,"2014"
"1218","Africa","FL",1954,"2014"
"1219","Africa","NY",6382,"2014"
"1220","Africa","WA.OR",1760,"2014"
"1221","Africa","AZ.NM.NV.UT.CO",2710,"2014"
"1222","Africa","MT.WY.ID.ND.SD.NE",1086,"2014"
"1223","Africa","KS.OK.MO.AR.IA.TN.KY",3382,"2014"
"1224","Africa","LA.MS.AL.GA",3190,"2014"
"1225","Africa","MN.WI.IL",5946,"2014"
"1226","Africa","IN.MI.OH.WV",3905,"2014"
"1227","Africa","SC.NC.VA",6005,"2014"
"1228","Africa","MD.DC.DE.PA.NJ",10827,"2014"
"1229","Africa","CT.RI.MA.NH.VT.ME",5231,"2014"
"1230","Africa","Other",269,"2014"
"1231","Asia Other","CA",49827,"2014"
"1232","Asia Other","TX",11843,"2014"
"1233","Asia Other","FL",6193,"2014"
"1234","Asia Other","NY",15580,"2014"
"1235","Asia Other","WA.OR",5254,"2014"
"1236","Asia Other","AZ.NM.NV.UT.CO",8102,"2014"
"1237","Asia Other","MT.WY.ID.ND.SD.NE",1572,"2014"
"1238","Asia Other","KS.OK.MO.AR.IA.TN.KY",6142,"2014"
"1239","Asia Other","LA.MS.AL.GA",5286,"2014"
"1240","Asia Other","MN.WI.IL",10694,"2014"
"1241","Asia Other","IN.MI.OH.WV",10112,"2014"
"1242","Asia Other","SC.NC.VA",10335,"2014"
"1243","Asia Other","MD.DC.DE.PA.NJ",14014,"2014"
"1244","Asia Other","CT.RI.MA.NH.VT.ME",6369,"2014"
"1245","Asia Other","Other",3701,"2014"
"1246","Europe","CA",9625,"2014"
"1247","Europe","TX",2718,"2014"
"1248","Europe","FL",6042,"2014"
"1249","Europe","NY",10087,"2014"
"1250","Europe","WA.OR",3269,"2014"
"1251","Europe","AZ.NM.NV.UT.CO",3235,"2014"
"1252","Europe","MT.WY.ID.ND.SD.NE",672,"2014"
"1253","Europe","KS.OK.MO.AR.IA.TN.KY",2556,"2014"
"1254","Europe","LA.MS.AL.GA",2031,"2014"
"1255","Europe","MN.WI.IL",8249,"2014"
"1256","Europe","IN.MI.OH.WV",3911,"2014"
"1257","Europe","SC.NC.VA",3955,"2014"
"1258","Europe","MD.DC.DE.PA.NJ",8065,"2014"
"1259","Europe","CT.RI.MA.NH.VT.ME",6231,"2014"
"1260","Europe","Other",679,"2014"
"1261","N.Amer. Other","CA",14354,"2014"
"1262","N.Amer. Other","TX",5078,"2014"
"1263","N.Amer. Other","FL",41339,"2014"
"1264","N.Amer. Other","NY",23608,"2014"
"1265","N.Amer. Other","WA.OR",1019,"2014"
"1266","N.Amer. Other","AZ.NM.NV.UT.CO",3077,"2014"
"1267","N.Amer. Other","MT.WY.ID.ND.SD.NE",559,"2014"
"1268","N.Amer. Other","KS.OK.MO.AR.IA.TN.KY",2069,"2014"
"1269","N.Amer. Other","LA.MS.AL.GA",3220,"2014"
"1270","N.Amer. Other","MN.WI.IL",2020,"2014"
"1271","N.Amer. Other","IN.MI.OH.WV",1761,"2014"
"1272","N.Amer. Other","SC.NC.VA",5144,"2014"
"1273","N.Amer. Other","MD.DC.DE.PA.NJ",12498,"2014"
"1274","N.Amer. Other","CT.RI.MA.NH.VT.ME",9009,"2014"
"1275","N.Amer. Other","Other",2903,"2014"
"1276","Oceania","CA",1288,"2014"
"1277","Oceania","TX",188,"2014"
"1278","Oceania","FL",102,"2014"
"1279","Oceania","NY",160,"2014"
"1280","Oceania","WA.OR",257,"2014"
"1281","Oceania","AZ.NM.NV.UT.CO",241,"2014"
"1282","Oceania","MT.WY.ID.ND.SD.NE",32,"2014"
"1283","Oceania","KS.OK.MO.AR.IA.TN.KY",80,"2014"
"1284","Oceania","LA.MS.AL.GA",13,"2014"
"1285","Oceania","MN.WI.IL",67,"2014"
"1286","Oceania","IN.MI.OH.WV",51,"2014"
"1287","Oceania","SC.NC.VA",6,"2014"
"1288","Oceania","MD.DC.DE.PA.NJ",46,"2014"
"1289","Oceania","CT.RI.MA.NH.VT.ME",107,"2014"
"1290","Oceania","Other",251,"2014"
"1291","S.Amer.","CA",4615,"2014"
"1292","S.Amer.","TX",2814,"2014"
"1293","S.Amer.","FL",19393,"2014"
"1294","S.Amer.","NY",9763,"2014"
"1295","S.Amer.","WA.OR",467,"2014"
"1296","S.Amer.","AZ.NM.NV.UT.CO",1808,"2014"
"1297","S.Amer.","MT.WY.ID.ND.SD.NE",97,"2014"
"1298","S.Amer.","KS.OK.MO.AR.IA.TN.KY",936,"2014"
"1299","S.Amer.","LA.MS.AL.GA",1900,"2014"
"1300","S.Amer.","MN.WI.IL",1608,"2014"
"1301","S.Amer.","IN.MI.OH.WV",855,"2014"
"1302","S.Amer.","SC.NC.VA",3554,"2014"
"1303","S.Amer.","MD.DC.DE.PA.NJ",7732,"2014"
"1304","S.Amer.","CT.RI.MA.NH.VT.ME",4381,"2014"
"1305","S.Amer.","Other",559,"2014"
"1306","Mexico","CA",38597,"2014"
"1307","Mexico","TX",20403,"2014"
"1308","Mexico","FL",2523,"2014"
"1309","Mexico","NY",1192,"2014"
"1310","Mexico","WA.OR",2882,"2014"
"1311","Mexico","AZ.NM.NV.UT.CO",10880,"2014"
"1312","Mexico","MT.WY.ID.ND.SD.NE",1242,"2014"
"1313","Mexico","KS.OK.MO.AR.IA.TN.KY",2918,"2014"
"1314","Mexico","LA.MS.AL.GA",1863,"2014"
"1315","Mexico","MN.WI.IL",6184,"2014"
"1316","Mexico","IN.MI.OH.WV",1713,"2014"
"1317","Mexico","SC.NC.VA",2314,"2014"
"1318","Mexico","MD.DC.DE.PA.NJ",1433,"2014"
"1319","Mexico","CT.RI.MA.NH.VT.ME",426,"2014"
"1320","Mexico","Other",319,"2014"
"1321","India","CA",8327,"2014"
"1322","India","TX",3624,"2014"
"1323","India","FL",1400,"2014"
"1324","India","NY",2673,"2014"
"1325","India","WA.OR",944,"2014"
"1326","India","AZ.NM.NV.UT.CO",838,"2014"
"1327","India","MT.WY.ID.ND.SD.NE",145,"2014"
"1328","India","KS.OK.MO.AR.IA.TN.KY",1497,"2014"
"1329","India","LA.MS.AL.GA",1760,"2014"
"1330","India","MN.WI.IL",2957,"2014"
"1331","India","IN.MI.OH.WV",2217,"2014"
"1332","India","SC.NC.VA",2643,"2014"
"1333","India","MD.DC.DE.PA.NJ",6803,"2014"
"1334","India","CT.RI.MA.NH.VT.ME",1935,"2014"
"1335","India","Other",92,"2014"
"1336","China","CA",9065,"2014"
"1337","China","TX",1237,"2014"
"1338","China","FL",681,"2014"
"1339","China","NY",8263,"2014"
"1340","China","WA.OR",754,"2014"
"1341","China","AZ.NM.NV.UT.CO",876,"2014"
"1342","China","MT.WY.ID.ND.SD.NE",127,"2014"
"1343","China","KS.OK.MO.AR.IA.TN.KY",777,"2014"
"1344","China","LA.MS.AL.GA",711,"2014"
"1345","China","MN.WI.IL",1402,"2014"
"1346","China","IN.MI.OH.WV",927,"2014"
"1347","China","SC.NC.VA",1171,"2014"
"1348","China","MD.DC.DE.PA.NJ",2375,"2014"
"1349","China","CT.RI.MA.NH.VT.ME",1592,"2014"
"1350","China","Other",326,"2014"
"1351","Africa","CA",5378,"2015"
"1352","Africa","TX",6798,"2015"
"1353","Africa","FL",2034,"2015"
"1354","Africa","NY",7469,"2015"
"1355","Africa","WA.OR",2214,"2015"
"1356","Africa","AZ.NM.NV.UT.CO",3301,"2015"
"1357","Africa","MT.WY.ID.ND.SD.NE",1059,"2015"
"1358","Africa","KS.OK.MO.AR.IA.TN.KY",3958,"2015"
"1359","Africa","LA.MS.AL.GA",4503,"2015"
"1360","Africa","MN.WI.IL",5595,"2015"
"1361","Africa","IN.MI.OH.WV",3919,"2015"
"1362","Africa","SC.NC.VA",6092,"2015"
"1363","Africa","MD.DC.DE.PA.NJ",13208,"2015"
"1364","Africa","CT.RI.MA.NH.VT.ME",5684,"2015"
"1365","Africa","Other",274,"2015"
"1366","Asia Other","CA",56273,"2015"
"1367","Asia Other","TX",15160,"2015"
"1368","Asia Other","FL",6284,"2015"
"1369","Asia Other","NY",19263,"2015"
"1370","Asia Other","WA.OR",6301,"2015"
"1371","Asia Other","AZ.NM.NV.UT.CO",9895,"2015"
"1372","Asia Other","MT.WY.ID.ND.SD.NE",1584,"2015"
"1373","Asia Other","KS.OK.MO.AR.IA.TN.KY",7152,"2015"
"1374","Asia Other","LA.MS.AL.GA",7125,"2015"
"1375","Asia Other","MN.WI.IL",10196,"2015"
"1376","Asia Other","IN.MI.OH.WV",11283,"2015"
"1377","Asia Other","SC.NC.VA",10049,"2015"
"1378","Asia Other","MD.DC.DE.PA.NJ",15954,"2015"
"1379","Asia Other","CT.RI.MA.NH.VT.ME",7127,"2015"
"1380","Asia Other","Other",4273,"2015"
"1381","Europe","CA",10715,"2015"
"1382","Europe","TX",3276,"2015"
"1383","Europe","FL",6511,"2015"
"1384","Europe","NY",11057,"2015"
"1385","Europe","WA.OR",4224,"2015"
"1386","Europe","AZ.NM.NV.UT.CO",4033,"2015"
"1387","Europe","MT.WY.ID.ND.SD.NE",649,"2015"
"1388","Europe","KS.OK.MO.AR.IA.TN.KY",2914,"2015"
"1389","Europe","LA.MS.AL.GA",2795,"2015"
"1390","Europe","MN.WI.IL",7530,"2015"
"1391","Europe","IN.MI.OH.WV",4296,"2015"
"1392","Europe","SC.NC.VA",3806,"2015"
"1393","Europe","MD.DC.DE.PA.NJ",8639,"2015"
"1394","Europe","CT.RI.MA.NH.VT.ME",6963,"2015"
"1395","Europe","Other",666,"2015"
"1396","N.Amer. Other","CA",15024,"2015"
"1397","N.Amer. Other","TX",6950,"2015"
"1398","N.Amer. Other","FL",43047,"2015"
"1399","N.Amer. Other","NY",27825,"2015"
"1400","N.Amer. Other","WA.OR",1438,"2015"
"1401","N.Amer. Other","AZ.NM.NV.UT.CO",3561,"2015"
"1402","N.Amer. Other","MT.WY.ID.ND.SD.NE",527,"2015"
"1403","N.Amer. Other","KS.OK.MO.AR.IA.TN.KY",2258,"2015"
"1404","N.Amer. Other","LA.MS.AL.GA",4305,"2015"
"1405","N.Amer. Other","MN.WI.IL",1979,"2015"
"1406","N.Amer. Other","IN.MI.OH.WV",1754,"2015"
"1407","N.Amer. Other","SC.NC.VA",4913,"2015"
"1408","N.Amer. Other","MD.DC.DE.PA.NJ",14825,"2015"
"1409","N.Amer. Other","CT.RI.MA.NH.VT.ME",9906,"2015"
"1410","N.Amer. Other","Other",3189,"2015"
"1411","Oceania","CA",1374,"2015"
"1412","Oceania","TX",166,"2015"
"1413","Oceania","FL",2,"2015"
"1414","Oceania","NY",184,"2015"
"1415","Oceania","WA.OR",4,"2015"
"1416","Oceania","AZ.NM.NV.UT.CO",426,"2015"
"1417","Oceania","MT.WY.ID.ND.SD.NE",31,"2015"
"1418","Oceania","KS.OK.MO.AR.IA.TN.KY",98,"2015"
"1419","Oceania","LA.MS.AL.GA",114,"2015"
"1420","Oceania","MN.WI.IL",90,"2015"
"1421","Oceania","IN.MI.OH.WV",75,"2015"
"1422","Oceania","SC.NC.VA",180,"2015"
"1423","Oceania","MD.DC.DE.PA.NJ",11,"2015"
"1424","Oceania","CT.RI.MA.NH.VT.ME",63,"2015"
"1425","Oceania","Other",323,"2015"
"1426","S.Amer.","CA",5466,"2015"
"1427","S.Amer.","TX",3742,"2015"
"1428","S.Amer.","FL",19665,"2015"
"1429","S.Amer.","NY",11412,"2015"
"1430","S.Amer.","WA.OR",644,"2015"
"1431","S.Amer.","AZ.NM.NV.UT.CO",2427,"2015"
"1432","S.Amer.","MT.WY.ID.ND.SD.NE",162,"2015"
"1433","S.Amer.","KS.OK.MO.AR.IA.TN.KY",1127,"2015"
"1434","S.Amer.","LA.MS.AL.GA",2579,"2015"
"1435","S.Amer.","MN.WI.IL",1459,"2015"
"1436","S.Amer.","IN.MI.OH.WV",876,"2015"
"1437","S.Amer.","SC.NC.VA",3597,"2015"
"1438","S.Amer.","MD.DC.DE.PA.NJ",8883,"2015"
"1439","S.Amer.","CT.RI.MA.NH.VT.ME",5151,"2015"
"1440","S.Amer.","Other",632,"2015"
"1441","Mexico","CA",43503,"2015"
"1442","Mexico","TX",23603,"2015"
"1443","Mexico","FL",2306,"2015"
"1444","Mexico","NY",1392,"2015"
"1445","Mexico","WA.OR",3193,"2015"
"1446","Mexico","AZ.NM.NV.UT.CO",12574,"2015"
"1447","Mexico","MT.WY.ID.ND.SD.NE",975,"2015"
"1448","Mexico","KS.OK.MO.AR.IA.TN.KY",3631,"2015"
"1449","Mexico","LA.MS.AL.GA",2654,"2015"
"1450","Mexico","MN.WI.IL",5737,"2015"
"1451","Mexico","IN.MI.OH.WV",1716,"2015"
"1452","Mexico","SC.NC.VA",2184,"2015"
"1453","Mexico","MD.DC.DE.PA.NJ",1628,"2015"
"1454","Mexico","CT.RI.MA.NH.VT.ME",519,"2015"
"1455","Mexico","Other",343,"2015"
"1456","India","CA",9351,"2015"
"1457","India","TX",4334,"2015"
"1458","India","FL",1323,"2015"
"1459","India","NY",2964,"2015"
"1460","India","WA.OR",1209,"2015"
"1461","India","AZ.NM.NV.UT.CO",1131,"2015"
"1462","India","MT.WY.ID.ND.SD.NE",129,"2015"
"1463","India","KS.OK.MO.AR.IA.TN.KY",1491,"2015"
"1464","India","LA.MS.AL.GA",2558,"2015"
"1465","India","MN.WI.IL",3172,"2015"
"1466","India","IN.MI.OH.WV",2335,"2015"
"1467","India","SC.NC.VA",2696,"2015"
"1468","India","MD.DC.DE.PA.NJ",7308,"2015"
"1469","India","CT.RI.MA.NH.VT.ME",2136,"2015"
"1470","India","Other",77,"2015"
"1471","China","CA",8890,"2015"
"1472","China","TX",1434,"2015"
"1473","China","FL",673,"2015"
"1474","China","NY",8795,"2015"
"1475","China","WA.OR",911,"2015"
"1476","China","AZ.NM.NV.UT.CO",1010,"2015"
"1477","China","MT.WY.ID.ND.SD.NE",112,"2015"
"1478","China","KS.OK.MO.AR.IA.TN.KY",735,"2015"
"1479","China","LA.MS.AL.GA",875,"2015"
"1480","China","MN.WI.IL",1207,"2015"
"1481","China","IN.MI.OH.WV",907,"2015"
"1482","China","SC.NC.VA",1051,"2015"
"1483","China","MD.DC.DE.PA.NJ",2519,"2015"
"1484","China","CT.RI.MA.NH.VT.ME",1757,"2015"
"1485","China","Other",365,"2015"
"1486","Africa","CA",5149,"2016"
"1487","Africa","TX",6863,"2016"
"1488","Africa","FL",2020,"2016"
"1489","Africa","NY",7124,"2016"
"1490","Africa","WA.OR",3352,"2016"
"1491","Africa","AZ.NM.NV.UT.CO",3077,"2016"
"1492","Africa","MT.WY.ID.ND.SD.NE",1362,"2016"
"1493","Africa","KS.OK.MO.AR.IA.TN.KY",4085,"2016"
"1494","Africa","LA.MS.AL.GA",3794,"2016"
"1495","Africa","MN.WI.IL",5714,"2016"
"1496","Africa","IN.MI.OH.WV",4342,"2016"
"1497","Africa","SC.NC.VA",6099,"2016"
"1498","Africa","MD.DC.DE.PA.NJ",13486,"2016"
"1499","Africa","CT.RI.MA.NH.VT.ME",5564,"2016"
"1500","Africa","Other",307,"2016"
"1501","Asia Other","CA",55231,"2016"
"1502","Asia Other","TX",15044,"2016"
"1503","Asia Other","FL",6069,"2016"
"1504","Asia Other","NY",18633,"2016"
"1505","Asia Other","WA.OR",9220,"2016"
"1506","Asia Other","AZ.NM.NV.UT.CO",8793,"2016"
"1507","Asia Other","MT.WY.ID.ND.SD.NE",1841,"2016"
"1508","Asia Other","KS.OK.MO.AR.IA.TN.KY",7786,"2016"
"1509","Asia Other","LA.MS.AL.GA",6542,"2016"
"1510","Asia Other","MN.WI.IL",10276,"2016"
"1511","Asia Other","IN.MI.OH.WV",11957,"2016"
"1512","Asia Other","SC.NC.VA",10480,"2016"
"1513","Asia Other","MD.DC.DE.PA.NJ",16617,"2016"
"1514","Asia Other","CT.RI.MA.NH.VT.ME",6812,"2016"
"1515","Asia Other","Other",4451,"2016"
"1516","Europe","CA",10432,"2016"
"1517","Europe","TX",2931,"2016"
"1518","Europe","FL",5935,"2016"
"1519","Europe","NY",10503,"2016"
"1520","Europe","WA.OR",5366,"2016"
"1521","Europe","AZ.NM.NV.UT.CO",3405,"2016"
"1522","Europe","MT.WY.ID.ND.SD.NE",650,"2016"
"1523","Europe","KS.OK.MO.AR.IA.TN.KY",2502,"2016"
"1524","Europe","LA.MS.AL.GA",2251,"2016"
"1525","Europe","MN.WI.IL",7385,"2016"
"1526","Europe","IN.MI.OH.WV",4055,"2016"
"1527","Europe","SC.NC.VA",3751,"2016"
"1528","Europe","MD.DC.DE.PA.NJ",8555,"2016"
"1529","Europe","CT.RI.MA.NH.VT.ME",5958,"2016"
"1530","Europe","Other",665,"2016"
"1531","N.Amer. Other","CA",14334,"2016"
"1532","N.Amer. Other","TX",6177,"2016"
"1533","N.Amer. Other","FL",49901,"2016"
"1534","N.Amer. Other","NY",30460,"2016"
"1535","N.Amer. Other","WA.OR",1902,"2016"
"1536","N.Amer. Other","AZ.NM.NV.UT.CO",3647,"2016"
"1537","N.Amer. Other","MT.WY.ID.ND.SD.NE",630,"2016"
"1538","N.Amer. Other","KS.OK.MO.AR.IA.TN.KY",2542,"2016"
"1539","N.Amer. Other","LA.MS.AL.GA",4210,"2016"
"1540","N.Amer. Other","MN.WI.IL",2163,"2016"
"1541","N.Amer. Other","IN.MI.OH.WV",2117,"2016"
"1542","N.Amer. Other","SC.NC.VA",5604,"2016"
"1543","N.Amer. Other","MD.DC.DE.PA.NJ",18326,"2016"
"1544","N.Amer. Other","CT.RI.MA.NH.VT.ME",11306,"2016"
"1545","N.Amer. Other","Other",2977,"2016"
"1546","Oceania","CA",1413,"2016"
"1547","Oceania","TX",159,"2016"
"1548","Oceania","FL",113,"2016"
"1549","Oceania","NY",189,"2016"
"1550","Oceania","WA.OR",492,"2016"
"1551","Oceania","AZ.NM.NV.UT.CO",345,"2016"
"1552","Oceania","MT.WY.ID.ND.SD.NE",43,"2016"
"1553","Oceania","KS.OK.MO.AR.IA.TN.KY",129,"2016"
"1554","Oceania","LA.MS.AL.GA",105,"2016"
"1555","Oceania","MN.WI.IL",130,"2016"
"1556","Oceania","IN.MI.OH.WV",87,"2016"
"1557","Oceania","SC.NC.VA",153,"2016"
"1558","Oceania","MD.DC.DE.PA.NJ",172,"2016"
"1559","Oceania","CT.RI.MA.NH.VT.ME",138,"2016"
"1560","Oceania","Other",286,"2016"
"1561","S.Amer.","CA",5490,"2016"
"1562","S.Amer.","TX",3703,"2016"
"1563","S.Amer.","FL",19988,"2016"
"1564","S.Amer.","NY",12201,"2016"
"1565","S.Amer.","WA.OR",930,"2016"
"1566","S.Amer.","AZ.NM.NV.UT.CO",2015,"2016"
"1567","S.Amer.","MT.WY.ID.ND.SD.NE",187,"2016"
"1568","S.Amer.","KS.OK.MO.AR.IA.TN.KY",1140,"2016"
"1569","S.Amer.","LA.MS.AL.GA",2247,"2016"
"1570","S.Amer.","MN.WI.IL",1567,"2016"
"1571","S.Amer.","IN.MI.OH.WV",1006,"2016"
"1572","S.Amer.","SC.NC.VA",3971,"2016"
"1573","S.Amer.","MD.DC.DE.PA.NJ",10317,"2016"
"1574","S.Amer.","CT.RI.MA.NH.VT.ME",5364,"2016"
"1575","S.Amer.","Other",637,"2016"
"1576","Mexico","CA",39228,"2016"
"1577","Mexico","TX",22687,"2016"
"1578","Mexico","FL",2648,"2016"
"1579","Mexico","NY",1672,"2016"
"1580","Mexico","WA.OR",4084,"2016"
"1581","Mexico","AZ.NM.NV.UT.CO",11970,"2016"
"1582","Mexico","MT.WY.ID.ND.SD.NE",1138,"2016"
"1583","Mexico","KS.OK.MO.AR.IA.TN.KY",3907,"2016"
"1584","Mexico","LA.MS.AL.GA",2542,"2016"
"1585","Mexico","MN.WI.IL",6230,"2016"
"1586","Mexico","IN.MI.OH.WV",2165,"2016"
"1587","Mexico","SC.NC.VA",2483,"2016"
"1588","Mexico","MD.DC.DE.PA.NJ",1844,"2016"
"1589","Mexico","CT.RI.MA.NH.VT.ME",596,"2016"
"1590","Mexico","Other",355,"2016"
"1591","India","CA",10298,"2016"
"1592","India","TX",4670,"2016"
"1593","India","FL",1381,"2016"
"1594","India","NY",2954,"2016"
"1595","India","WA.OR",2031,"2016"
"1596","India","AZ.NM.NV.UT.CO",1020,"2016"
"1597","India","MT.WY.ID.ND.SD.NE",163,"2016"
"1598","India","KS.OK.MO.AR.IA.TN.KY",1683,"2016"
"1599","India","LA.MS.AL.GA",2369,"2016"
"1600","India","MN.WI.IL",3475,"2016"
"1601","India","IN.MI.OH.WV",2357,"2016"
"1602","India","SC.NC.VA",3299,"2016"
"1603","India","MD.DC.DE.PA.NJ",8388,"2016"
"1604","India","CT.RI.MA.NH.VT.ME",1999,"2016"
"1605","India","Other",100,"2016"
"1606","China","CA",10254,"2016"
"1607","China","TX",1710,"2016"
"1608","China","FL",708,"2016"
"1609","China","NY",9639,"2016"
"1610","China","WA.OR",1450,"2016"
"1611","China","AZ.NM.NV.UT.CO",1003,"2016"
"1612","China","MT.WY.ID.ND.SD.NE",150,"2016"
"1613","China","KS.OK.MO.AR.IA.TN.KY",925,"2016"
"1614","China","LA.MS.AL.GA",970,"2016"
"1615","China","MN.WI.IL",1459,"2016"
"1616","China","IN.MI.OH.WV",1091,"2016"
"1617","China","SC.NC.VA",1246,"2016"
"1618","China","MD.DC.DE.PA.NJ",2774,"2016"
"1619","China","CT.RI.MA.NH.VT.ME",1966,"2016"
"1620","China","Other",449,"2016"
"1621","Africa","CA",4504,"2017"
"1622","Africa","TX",4287,"2017"
"1623","Africa","FL",1563,"2017"
"1624","Africa","NY",5961,"2017"
"1625","Africa","WA.OR",2204,"2017"
"1626","Africa","AZ.NM.NV.UT.CO",2324,"2017"
"1627","Africa","MT.WY.ID.ND.SD.NE",1008,"2017"
"1628","Africa","KS.OK.MO.AR.IA.TN.KY",3825,"2017"
"1629","Africa","LA.MS.AL.GA",2911,"2017"
"1630","Africa","MN.WI.IL",5084,"2017"
"1631","Africa","IN.MI.OH.WV",4588,"2017"
"1632","Africa","SC.NC.VA",6039,"2017"
"1633","Africa","MD.DC.DE.PA.NJ",10887,"2017"
"1634","Africa","CT.RI.MA.NH.VT.ME",5967,"2017"
"1635","Africa","Other",700,"2017"
"1636","Asia Other","CA",48988,"2017"
"1637","Asia Other","TX",9805,"2017"
"1638","Asia Other","FL",4841,"2017"
"1639","Asia Other","NY",17049,"2017"
"1640","Asia Other","WA.OR",6554,"2017"
"1641","Asia Other","AZ.NM.NV.UT.CO",6703,"2017"
"1642","Asia Other","MT.WY.ID.ND.SD.NE",1777,"2017"
"1643","Asia Other","KS.OK.MO.AR.IA.TN.KY",6774,"2017"
"1644","Asia Other","LA.MS.AL.GA",4918,"2017"
"1645","Asia Other","MN.WI.IL",9002,"2017"
"1646","Asia Other","IN.MI.OH.WV",12428,"2017"
"1647","Asia Other","SC.NC.VA",10579,"2017"
"1648","Asia Other","MD.DC.DE.PA.NJ",15239,"2017"
"1649","Asia Other","CT.RI.MA.NH.VT.ME",7090,"2017"
"1650","Asia Other","Other",5083,"2017"
"1651","Europe","CA",9885,"2017"
"1652","Europe","TX",1995,"2017"
"1653","Europe","FL",4394,"2017"
"1654","Europe","NY",9084,"2017"
"1655","Europe","WA.OR",3736,"2017"
"1656","Europe","AZ.NM.NV.UT.CO",2759,"2017"
"1657","Europe","MT.WY.ID.ND.SD.NE",613,"2017"
"1658","Europe","KS.OK.MO.AR.IA.TN.KY",2141,"2017"
"1659","Europe","LA.MS.AL.GA",1721,"2017"
"1660","Europe","MN.WI.IL",6327,"2017"
"1661","Europe","IN.MI.OH.WV",4154,"2017"
"1662","Europe","SC.NC.VA",3886,"2017"
"1663","Europe","MD.DC.DE.PA.NJ",7332,"2017"
"1664","Europe","CT.RI.MA.NH.VT.ME",6229,"2017"
"1665","Europe","Other",885,"2017"
"1666","N.Amer. Other","CA",13939,"2017"
"1667","N.Amer. Other","TX",4660,"2017"
"1668","N.Amer. Other","FL",38854,"2017"
"1669","N.Amer. Other","NY",28787,"2017"
"1670","N.Amer. Other","WA.OR",1394,"2017"
"1671","N.Amer. Other","AZ.NM.NV.UT.CO",3063,"2017"
"1672","N.Amer. Other","MT.WY.ID.ND.SD.NE",639,"2017"
"1673","N.Amer. Other","KS.OK.MO.AR.IA.TN.KY",2565,"2017"
"1674","N.Amer. Other","LA.MS.AL.GA",3540,"2017"
"1675","N.Amer. Other","MN.WI.IL",1943,"2017"
"1676","N.Amer. Other","IN.MI.OH.WV",2229,"2017"
"1677","N.Amer. Other","SC.NC.VA",6469,"2017"
"1678","N.Amer. Other","MD.DC.DE.PA.NJ",17033,"2017"
"1679","N.Amer. Other","CT.RI.MA.NH.VT.ME",11283,"2017"
"1680","N.Amer. Other","Other",3412,"2017"
"1681","Oceania","CA",1329,"2017"
"1682","Oceania","TX",110,"2017"
"1683","Oceania","FL",87,"2017"
"1684","Oceania","NY",176,"2017"
"1685","Oceania","WA.OR",346,"2017"
"1686","Oceania","AZ.NM.NV.UT.CO",246,"2017"
"1687","Oceania","MT.WY.ID.ND.SD.NE",48,"2017"
"1688","Oceania","KS.OK.MO.AR.IA.TN.KY",87,"2017"
"1689","Oceania","LA.MS.AL.GA",92,"2017"
"1690","Oceania","MN.WI.IL",85,"2017"
"1691","Oceania","IN.MI.OH.WV",95,"2017"
"1692","Oceania","SC.NC.VA",176,"2017"
"1693","Oceania","MD.DC.DE.PA.NJ",117,"2017"
"1694","Oceania","CT.RI.MA.NH.VT.ME",127,"2017"
"1695","Oceania","Other",207,"2017"
"1696","S.Amer.","CA",5402,"2017"
"1697","S.Amer.","TX",2510,"2017"
"1698","S.Amer.","FL",15186,"2017"
"1699","S.Amer.","NY",11030,"2017"
"1700","S.Amer.","WA.OR",678,"2017"
"1701","S.Amer.","AZ.NM.NV.UT.CO",1734,"2017"
"1702","S.Amer.","MT.WY.ID.ND.SD.NE",214,"2017"
"1703","S.Amer.","KS.OK.MO.AR.IA.TN.KY",1128,"2017"
"1704","S.Amer.","LA.MS.AL.GA",1958,"2017"
"1705","S.Amer.","MN.WI.IL",1460,"2017"
"1706","S.Amer.","IN.MI.OH.WV",1224,"2017"
"1707","S.Amer.","SC.NC.VA",4421,"2017"
"1708","S.Amer.","MD.DC.DE.PA.NJ",9748,"2017"
"1709","S.Amer.","CT.RI.MA.NH.VT.ME",5331,"2017"
"1710","S.Amer.","Other",940,"2017"
"1711","Mexico","CA",50464,"2017"
"1712","Mexico","TX",22167,"2017"
"1713","Mexico","FL",2484,"2017"
"1714","Mexico","NY",1808,"2017"
"1715","Mexico","WA.OR",4245,"2017"
"1716","Mexico","AZ.NM.NV.UT.CO",13422,"2017"
"1717","Mexico","MT.WY.ID.ND.SD.NE",1557,"2017"
"1718","Mexico","KS.OK.MO.AR.IA.TN.KY",4102,"2017"
"1719","Mexico","LA.MS.AL.GA",2180,"2017"
"1720","Mexico","MN.WI.IL",6890,"2017"
"1721","Mexico","IN.MI.OH.WV",2632,"2017"
"1722","Mexico","SC.NC.VA",3160,"2017"
"1723","Mexico","MD.DC.DE.PA.NJ",2014,"2017"
"1724","Mexico","CT.RI.MA.NH.VT.ME",668,"2017"
"1725","Mexico","Other",768,"2017"
"1726","India","CA",12032,"2017"
"1727","India","TX",3770,"2017"
"1728","India","FL",1300,"2017"
"1729","India","NY",2726,"2017"
"1730","India","WA.OR",1957,"2017"
"1731","India","AZ.NM.NV.UT.CO",1190,"2017"
"1732","India","MT.WY.ID.ND.SD.NE",183,"2017"
"1733","India","KS.OK.MO.AR.IA.TN.KY",1539,"2017"
"1734","India","LA.MS.AL.GA",2125,"2017"
"1735","India","MN.WI.IL",3659,"2017"
"1736","India","IN.MI.OH.WV",3308,"2017"
"1737","India","SC.NC.VA",4600,"2017"
"1738","India","MD.DC.DE.PA.NJ",9117,"2017"
"1739","India","CT.RI.MA.NH.VT.ME",2994,"2017"
"1740","India","Other",302,"2017"
"1741","China","CA",10799,"2017"
"1742","China","TX",1233,"2017"
"1743","China","FL",755,"2017"
"1744","China","NY",9764,"2017"
"1745","China","WA.OR",1295,"2017"
"1746","China","AZ.NM.NV.UT.CO",1005,"2017"
"1747","China","MT.WY.ID.ND.SD.NE",178,"2017"
"1748","China","KS.OK.MO.AR.IA.TN.KY",959,"2017"
"1749","China","LA.MS.AL.GA",810,"2017"
"1750","China","MN.WI.IL",1472,"2017"
"1751","China","IN.MI.OH.WV",1458,"2017"
"1752","China","SC.NC.VA",1514,"2017"
"1753","China","MD.DC.DE.PA.NJ",3119,"2017"
"1754","China","CT.RI.MA.NH.VT.ME",2588,"2017"
"1755","China","Other",725,"2017"
"1756","Africa","CA",4707,"2018"
"1757","Africa","TX",5658,"2018"
"1758","Africa","FL",2568,"2018"
"1759","Africa","NY",5331,"2018"
"1760","Africa","WA.OR",1916,"2018"
"1761","Africa","AZ.NM.NV.UT.CO",2490,"2018"
"1762","Africa","MT.WY.ID.ND.SD.NE",1164,"2018"
"1763","Africa","KS.OK.MO.AR.IA.TN.KY",4540,"2018"
"1764","Africa","LA.MS.AL.GA",3168,"2018"
"1765","Africa","MN.WI.IL",5519,"2018"
"1766","Africa","IN.MI.OH.WV",5234,"2018"
"1767","Africa","SC.NC.VA",5330,"2018"
"1768","Africa","MD.DC.DE.PA.NJ",10765,"2018"
"1769","Africa","CT.RI.MA.NH.VT.ME",5766,"2018"
"1770","Africa","Other",774,"2018"
"1771","Asia Other","CA",51206,"2018"
"1772","Asia Other","TX",12140,"2018"
"1773","Asia Other","FL",7844,"2018"
"1774","Asia Other","NY",17508,"2018"
"1775","Asia Other","WA.OR",6408,"2018"
"1776","Asia Other","AZ.NM.NV.UT.CO",7247,"2018"
"1777","Asia Other","MT.WY.ID.ND.SD.NE",2189,"2018"
"1778","Asia Other","KS.OK.MO.AR.IA.TN.KY",8616,"2018"
"1779","Asia Other","LA.MS.AL.GA",5861,"2018"
"1780","Asia Other","MN.WI.IL",9948,"2018"
"1781","Asia Other","IN.MI.OH.WV",15331,"2018"
"1782","Asia Other","SC.NC.VA",10186,"2018"
"1783","Asia Other","MD.DC.DE.PA.NJ",16491,"2018"
"1784","Asia Other","CT.RI.MA.NH.VT.ME",7495,"2018"
"1785","Asia Other","Other",5269,"2018"
"1786","Europe","CA",10297,"2018"
"1787","Europe","TX",2538,"2018"
"1788","Europe","FL",7387,"2018"
"1789","Europe","NY",8827,"2018"
"1790","Europe","WA.OR",3690,"2018"
"1791","Europe","AZ.NM.NV.UT.CO",2998,"2018"
"1792","Europe","MT.WY.ID.ND.SD.NE",687,"2018"
"1793","Europe","KS.OK.MO.AR.IA.TN.KY",2517,"2018"
"1794","Europe","LA.MS.AL.GA",1910,"2018"
"1795","Europe","MN.WI.IL",6443,"2018"
"1796","Europe","IN.MI.OH.WV",4168,"2018"
"1797","Europe","SC.NC.VA",3704,"2018"
"1798","Europe","MD.DC.DE.PA.NJ",8493,"2018"
"1799","Europe","CT.RI.MA.NH.VT.ME",6624,"2018"
"1800","Europe","Other",1153,"2018"
"1801","N.Amer. Other","CA",14203,"2018"
"1802","N.Amer. Other","TX",5806,"2018"
"1803","N.Amer. Other","FL",50245,"2018"
"1804","N.Amer. Other","NY",23956,"2018"
"1805","N.Amer. Other","WA.OR",1565,"2018"
"1806","N.Amer. Other","AZ.NM.NV.UT.CO",3009,"2018"
"1807","N.Amer. Other","MT.WY.ID.ND.SD.NE",745,"2018"
"1808","N.Amer. Other","KS.OK.MO.AR.IA.TN.KY",2967,"2018"
"1809","N.Amer. Other","LA.MS.AL.GA",3942,"2018"
"1810","N.Amer. Other","MN.WI.IL",2001,"2018"
"1811","N.Amer. Other","IN.MI.OH.WV",2392,"2018"
"1812","N.Amer. Other","SC.NC.VA",5290,"2018"
"1813","N.Amer. Other","MD.DC.DE.PA.NJ",15469,"2018"
"1814","N.Amer. Other","CT.RI.MA.NH.VT.ME",10735,"2018"
"1815","N.Amer. Other","Other",3290,"2018"
"1816","Oceania","CA",1435,"2018"
"1817","Oceania","TX",164,"2018"
"1818","Oceania","FL",153,"2018"
"1819","Oceania","NY",204,"2018"
"1820","Oceania","WA.OR",353,"2018"
"1821","Oceania","AZ.NM.NV.UT.CO",373,"2018"
"1822","Oceania","MT.WY.ID.ND.SD.NE",46,"2018"
"1823","Oceania","KS.OK.MO.AR.IA.TN.KY",138,"2018"
"1824","Oceania","LA.MS.AL.GA",82,"2018"
"1825","Oceania","MN.WI.IL",101,"2018"
"1826","Oceania","IN.MI.OH.WV",89,"2018"
"1827","Oceania","SC.NC.VA",143,"2018"
"1828","Oceania","MD.DC.DE.PA.NJ",164,"2018"
"1829","Oceania","CT.RI.MA.NH.VT.ME",138,"2018"
"1830","Oceania","Other",210,"2018"
"1831","S.Amer.","CA",4898,"2018"
"1832","S.Amer.","TX",3452,"2018"
"1833","S.Amer.","FL",20968,"2018"
"1834","S.Amer.","NY",11518,"2018"
"1835","S.Amer.","WA.OR",712,"2018"
"1836","S.Amer.","AZ.NM.NV.UT.CO",1795,"2018"
"1837","S.Amer.","MT.WY.ID.ND.SD.NE",234,"2018"
"1838","S.Amer.","KS.OK.MO.AR.IA.TN.KY",1346,"2018"
"1839","S.Amer.","LA.MS.AL.GA",2107,"2018"
"1840","S.Amer.","MN.WI.IL",1510,"2018"
"1841","S.Amer.","IN.MI.OH.WV",1077,"2018"
"1842","S.Amer.","SC.NC.VA",3485,"2018"
"1843","S.Amer.","MD.DC.DE.PA.NJ",8753,"2018"
"1844","S.Amer.","CT.RI.MA.NH.VT.ME",4985,"2018"
"1845","S.Amer.","Other",1008,"2018"
"1846","Mexico","CA",53523,"2018"
"1847","Mexico","TX",27330,"2018"
"1848","Mexico","FL",3643,"2018"
"1849","Mexico","NY",1779,"2018"
"1850","Mexico","WA.OR",4647,"2018"
"1851","Mexico","AZ.NM.NV.UT.CO",13967,"2018"
"1852","Mexico","MT.WY.ID.ND.SD.NE",1616,"2018"
"1853","Mexico","KS.OK.MO.AR.IA.TN.KY",5388,"2018"
"1854","Mexico","LA.MS.AL.GA",2730,"2018"
"1855","Mexico","MN.WI.IL",8375,"2018"
"1856","Mexico","IN.MI.OH.WV",2626,"2018"
"1857","Mexico","SC.NC.VA",2636,"2018"
"1858","Mexico","MD.DC.DE.PA.NJ",1985,"2018"
"1859","Mexico","CT.RI.MA.NH.VT.ME",682,"2018"
"1860","Mexico","Other",1050,"2018"
"1861","India","CA",10925,"2018"
"1862","India","TX",5695,"2018"
"1863","India","FL",1911,"2018"
"1864","India","NY",3283,"2018"
"1865","India","WA.OR",1743,"2018"
"1866","India","AZ.NM.NV.UT.CO",1334,"2018"
"1867","India","MT.WY.ID.ND.SD.NE",208,"2018"
"1868","India","KS.OK.MO.AR.IA.TN.KY",2074,"2018"
"1869","India","LA.MS.AL.GA",2347,"2018"
"1870","India","MN.WI.IL",3910,"2018"
"1871","India","IN.MI.OH.WV",3115,"2018"
"1872","India","SC.NC.VA",3511,"2018"
"1873","India","MD.DC.DE.PA.NJ",9176,"2018"
"1874","India","CT.RI.MA.NH.VT.ME",2605,"2018"
"1875","India","Other",358,"2018"
"1876","China","CA",11725,"2018"
"1877","China","TX",1872,"2018"
"1878","China","FL",1148,"2018"
"1879","China","NY",8944,"2018"
"1880","China","WA.OR",1458,"2018"
"1881","China","AZ.NM.NV.UT.CO",1163,"2018"
"1882","China","MT.WY.ID.ND.SD.NE",171,"2018"
"1883","China","KS.OK.MO.AR.IA.TN.KY",1184,"2018"
"1884","China","LA.MS.AL.GA",1017,"2018"
"1885","China","MN.WI.IL",1718,"2018"
"1886","China","IN.MI.OH.WV",1377,"2018"
"1887","China","SC.NC.VA",1322,"2018"
"1888","China","MD.DC.DE.PA.NJ",3317,"2018"
"1889","China","CT.RI.MA.NH.VT.ME",2574,"2018"
"1890","China","Other",605,"2018"
"1891","Africa","CA",5149,"2019"
"1892","Africa","TX",9630,"2019"
"1893","Africa","FL",2642,"2019"
"1894","Africa","NY",6340,"2019"
"1895","Africa","WA.OR",2722,"2019"
"1896","Africa","AZ.NM.NV.UT.CO",3797,"2019"
"1897","Africa","MT.WY.ID.ND.SD.NE",1549,"2019"
"1898","Africa","KS.OK.MO.AR.IA.TN.KY",5782,"2019"
"1899","Africa","LA.MS.AL.GA",4774,"2019"
"1900","Africa","MN.WI.IL",8713,"2019"
"1901","Africa","IN.MI.OH.WV",5864,"2019"
"1902","Africa","SC.NC.VA",6844,"2019"
"1903","Africa","MD.DC.DE.PA.NJ",13490,"2019"
"1904","Africa","CT.RI.MA.NH.VT.ME",5370,"2019"
"1905","Africa","Other",2324,"2019"
"1906","Asia Other","CA",51945,"2019"
"1907","Asia Other","TX",22811,"2019"
"1908","Asia Other","FL",8162,"2019"
"1909","Asia Other","NY",19793,"2019"
"1910","Asia Other","WA.OR",8241,"2019"
"1911","Asia Other","AZ.NM.NV.UT.CO",11125,"2019"
"1912","Asia Other","MT.WY.ID.ND.SD.NE",2825,"2019"
"1913","Asia Other","KS.OK.MO.AR.IA.TN.KY",10560,"2019"
"1914","Asia Other","LA.MS.AL.GA",8457,"2019"
"1915","Asia Other","MN.WI.IL",14206,"2019"
"1916","Asia Other","IN.MI.OH.WV",17284,"2019"
"1917","Asia Other","SC.NC.VA",13525,"2019"
"1918","Asia Other","MD.DC.DE.PA.NJ",18071,"2019"
"1919","Asia Other","CT.RI.MA.NH.VT.ME",7416,"2019"
"1920","Asia Other","Other",8732,"2019"
"1921","Europe","CA",10418,"2019"
"1922","Europe","TX",4534,"2019"
"1923","Europe","FL",7790,"2019"
"1924","Europe","NY",10080,"2019"
"1925","Europe","WA.OR",4190,"2019"
"1926","Europe","AZ.NM.NV.UT.CO",4002,"2019"
"1927","Europe","MT.WY.ID.ND.SD.NE",576,"2019"
"1928","Europe","KS.OK.MO.AR.IA.TN.KY",2740,"2019"
"1929","Europe","LA.MS.AL.GA",2950,"2019"
"1930","Europe","MN.WI.IL",8662,"2019"
"1931","Europe","IN.MI.OH.WV",4203,"2019"
"1932","Europe","SC.NC.VA",4449,"2019"
"1933","Europe","MD.DC.DE.PA.NJ",8793,"2019"
"1934","Europe","CT.RI.MA.NH.VT.ME",5666,"2019"
"1935","Europe","Other",1987,"2019"
"1936","N.Amer. Other","CA",12738,"2019"
"1937","N.Amer. Other","TX",9292,"2019"
"1938","N.Amer. Other","FL",51852,"2019"
"1939","N.Amer. Other","NY",24803,"2019"
"1940","N.Amer. Other","WA.OR",1601,"2019"
"1941","N.Amer. Other","AZ.NM.NV.UT.CO",3987,"2019"
"1942","N.Amer. Other","MT.WY.ID.ND.SD.NE",646,"2019"
"1943","N.Amer. Other","KS.OK.MO.AR.IA.TN.KY",3144,"2019"
"1944","N.Amer. Other","LA.MS.AL.GA",5444,"2019"
"1945","N.Amer. Other","MN.WI.IL",2461,"2019"
"1946","N.Amer. Other","IN.MI.OH.WV",2437,"2019"
"1947","N.Amer. Other","SC.NC.VA",6322,"2019"
"1948","N.Amer. Other","MD.DC.DE.PA.NJ",16053,"2019"
"1949","N.Amer. Other","CT.RI.MA.NH.VT.ME",9056,"2019"
"1950","N.Amer. Other","Other",4788,"2019"
"1951","Oceania","CA",1348,"2019"
"1952","Oceania","TX",291,"2019"
"1953","Oceania","FL",168,"2019"
"1954","Oceania","NY",246,"2019"
"1955","Oceania","WA.OR",357,"2019"
"1956","Oceania","AZ.NM.NV.UT.CO",465,"2019"
"1957","Oceania","MT.WY.ID.ND.SD.NE",38,"2019"
"1958","Oceania","KS.OK.MO.AR.IA.TN.KY",160,"2019"
"1959","Oceania","LA.MS.AL.GA",128,"2019"
"1960","Oceania","MN.WI.IL",146,"2019"
"1961","Oceania","IN.MI.OH.WV",118,"2019"
"1962","Oceania","SC.NC.VA",186,"2019"
"1963","Oceania","MD.DC.DE.PA.NJ",187,"2019"
"1964","Oceania","CT.RI.MA.NH.VT.ME",132,"2019"
"1965","Oceania","Other",336,"2019"
"1966","S.Amer.","CA",4482,"2019"
"1967","S.Amer.","TX",5219,"2019"
"1968","S.Amer.","FL",19863,"2019"
"1969","S.Amer.","NY",10729,"2019"
"1970","S.Amer.","WA.OR",744,"2019"
"1971","S.Amer.","AZ.NM.NV.UT.CO",2438,"2019"
"1972","S.Amer.","MT.WY.ID.ND.SD.NE",194,"2019"
"1973","S.Amer.","KS.OK.MO.AR.IA.TN.KY",1268,"2019"
"1974","S.Amer.","LA.MS.AL.GA",2707,"2019"
"1975","S.Amer.","MN.WI.IL",1841,"2019"
"1976","S.Amer.","IN.MI.OH.WV",1053,"2019"
"1977","S.Amer.","SC.NC.VA",3855,"2019"
"1978","S.Amer.","MD.DC.DE.PA.NJ",8501,"2019"
"1979","S.Amer.","CT.RI.MA.NH.VT.ME",4071,"2019"
"1980","S.Amer.","Other",1440,"2019"
"1981","Mexico","CA",40090,"2019"
"1982","Mexico","TX",33965,"2019"
"1983","Mexico","FL",2751,"2019"
"1984","Mexico","NY",1541,"2019"
"1985","Mexico","WA.OR",3788,"2019"
"1986","Mexico","AZ.NM.NV.UT.CO",14027,"2019"
"1987","Mexico","MT.WY.ID.ND.SD.NE",1268,"2019"
"1988","Mexico","KS.OK.MO.AR.IA.TN.KY",4736,"2019"
"1989","Mexico","LA.MS.AL.GA",3490,"2019"
"1990","Mexico","MN.WI.IL",7120,"2019"
"1991","Mexico","IN.MI.OH.WV",2242,"2019"
"1992","Mexico","SC.NC.VA",2782,"2019"
"1993","Mexico","MD.DC.DE.PA.NJ",1785,"2019"
"1994","Mexico","CT.RI.MA.NH.VT.ME",469,"2019"
"1995","Mexico","Other",2232,"2019"
"1996","India","CA",11678,"2019"
"1997","India","TX",9116,"2019"
"1998","India","FL",1940,"2019"
"1999","India","NY",3363,"2019"
"2000","India","WA.OR",2015,"2019"
"2001","India","AZ.NM.NV.UT.CO",1694,"2019"
"2002","India","MT.WY.ID.ND.SD.NE",233,"2019"
"2003","India","KS.OK.MO.AR.IA.TN.KY",2409,"2019"
"2004","India","LA.MS.AL.GA",3951,"2019"
"2005","India","MN.WI.IL",5146,"2019"
"2006","India","IN.MI.OH.WV",3696,"2019"
"2007","India","SC.NC.VA",5179,"2019"
"2008","India","MD.DC.DE.PA.NJ",10561,"2019"
"2009","India","CT.RI.MA.NH.VT.ME",2716,"2019"
"2010","India","Other",933,"2019"
"2011","China","CA",10875,"2019"
"2012","China","TX",2782,"2019"
"2013","China","FL",939,"2019"
"2014","China","NY",8527,"2019"
"2015","China","WA.OR",1564,"2019"
"2016","China","AZ.NM.NV.UT.CO",1341,"2019"
"2017","China","MT.WY.ID.ND.SD.NE",174,"2019"
"2018","China","KS.OK.MO.AR.IA.TN.KY",1101,"2019"
"2019","China","LA.MS.AL.GA",1188,"2019"
"2020","China","MN.WI.IL",1931,"2019"
"2021","China","IN.MI.OH.WV",1390,"2019"
"2022","China","SC.NC.VA",1489,"2019"
"2023","China","MD.DC.DE.PA.NJ",3179,"2019"
"2024","China","CT.RI.MA.NH.VT.ME",2038,"2019"
"2025","China","Other",972,"2019"
"2026","Africa","CA",4167,"2020"
"2027","Africa","TX",7084,"2020"
"2028","Africa","FL",1761,"2020"
"2029","Africa","NY",4816,"2020"
"2030","Africa","WA.OR",2429,"2020"
"2031","Africa","AZ.NM.NV.UT.CO",3474,"2020"
"2032","Africa","MT.WY.ID.ND.SD.NE",1216,"2020"
"2033","Africa","KS.OK.MO.AR.IA.TN.KY",4581,"2020"
"2034","Africa","LA.MS.AL.GA",3665,"2020"
"2035","Africa","MN.WI.IL",7393,"2020"
"2036","Africa","IN.MI.OH.WV",3951,"2020"
"2037","Africa","SC.NC.VA",4908,"2020"
"2038","Africa","MD.DC.DE.PA.NJ",11147,"2020"
"2039","Africa","CT.RI.MA.NH.VT.ME",4549,"2020"
"2040","Africa","Other",1272,"2020"
"2041","Asia Other","CA",41596,"2020"
"2042","Asia Other","TX",17940,"2020"
"2043","Asia Other","FL",6233,"2020"
"2044","Asia Other","NY",13467,"2020"
"2045","Asia Other","WA.OR",7045,"2020"
"2046","Asia Other","AZ.NM.NV.UT.CO",11221,"2020"
"2047","Asia Other","MT.WY.ID.ND.SD.NE",2355,"2020"
"2048","Asia Other","KS.OK.MO.AR.IA.TN.KY",8467,"2020"
"2049","Asia Other","LA.MS.AL.GA",8114,"2020"
"2050","Asia Other","MN.WI.IL",10217,"2020"
"2051","Asia Other","IN.MI.OH.WV",10216,"2020"
"2052","Asia Other","SC.NC.VA",10739,"2020"
"2053","Asia Other","MD.DC.DE.PA.NJ",13295,"2020"
"2054","Asia Other","CT.RI.MA.NH.VT.ME",5985,"2020"
"2055","Asia Other","Other",4989,"2020"
"2056","Europe","CA",7965,"2020"
"2057","Europe","TX",3065,"2020"
"2058","Europe","FL",5808,"2020"
"2059","Europe","NY",6940,"2020"
"2060","Europe","WA.OR",2910,"2020"
"2061","Europe","AZ.NM.NV.UT.CO",3582,"2020"
"2062","Europe","MT.WY.ID.ND.SD.NE",449,"2020"
"2063","Europe","KS.OK.MO.AR.IA.TN.KY",1986,"2020"
"2064","Europe","LA.MS.AL.GA",2108,"2020"
"2065","Europe","MN.WI.IL",5684,"2020"
"2066","Europe","IN.MI.OH.WV",2534,"2020"
"2067","Europe","SC.NC.VA",3311,"2020"
"2068","Europe","MD.DC.DE.PA.NJ",5429,"2020"
"2069","Europe","CT.RI.MA.NH.VT.ME",4406,"2020"
"2070","Europe","Other",1081,"2020"
"2071","N.Amer. Other","CA",9118,"2020"
"2072","N.Amer. Other","TX",6412,"2020"
"2073","N.Amer. Other","FL",44150,"2020"
"2074","N.Amer. Other","NY",16769,"2020"
"2075","N.Amer. Other","WA.OR",1213,"2020"
"2076","N.Amer. Other","AZ.NM.NV.UT.CO",4134,"2020"
"2077","N.Amer. Other","MT.WY.ID.ND.SD.NE",591,"2020"
"2078","N.Amer. Other","KS.OK.MO.AR.IA.TN.KY",2711,"2020"
"2079","N.Amer. Other","LA.MS.AL.GA",4309,"2020"
"2080","N.Amer. Other","MN.WI.IL",1588,"2020"
"2081","N.Amer. Other","IN.MI.OH.WV",1698,"2020"
"2082","N.Amer. Other","SC.NC.VA",4836,"2020"
"2083","N.Amer. Other","MD.DC.DE.PA.NJ",11702,"2020"
"2084","N.Amer. Other","CT.RI.MA.NH.VT.ME",7968,"2020"
"2085","N.Amer. Other","Other",2972,"2020"
"2086","Oceania","CA",1143,"2020"
"2087","Oceania","TX",200,"2020"
"2088","Oceania","FL",114,"2020"
"2089","Oceania","NY",176,"2020"
"2090","Oceania","WA.OR",268,"2020"
"2091","Oceania","AZ.NM.NV.UT.CO",104,"2020"
"2092","Oceania","MT.WY.ID.ND.SD.NE",31,"2020"
"2093","Oceania","KS.OK.MO.AR.IA.TN.KY",40,"2020"
"2094","Oceania","LA.MS.AL.GA",69,"2020"
"2095","Oceania","MN.WI.IL",108,"2020"
"2096","Oceania","IN.MI.OH.WV",51,"2020"
"2097","Oceania","SC.NC.VA",135,"2020"
"2098","Oceania","MD.DC.DE.PA.NJ",79,"2020"
"2099","Oceania","CT.RI.MA.NH.VT.ME",110,"2020"
"2100","Oceania","Other",193,"2020"
"2101","S.Amer.","CA",3379,"2020"
"2102","S.Amer.","TX",3158,"2020"
"2103","S.Amer.","FL",16318,"2020"
"2104","S.Amer.","NY",6642,"2020"
"2105","S.Amer.","WA.OR",606,"2020"
"2106","S.Amer.","AZ.NM.NV.UT.CO",2110,"2020"
"2107","S.Amer.","MT.WY.ID.ND.SD.NE",160,"2020"
"2108","S.Amer.","KS.OK.MO.AR.IA.TN.KY",1031,"2020"
"2109","S.Amer.","LA.MS.AL.GA",2153,"2020"
"2110","S.Amer.","MN.WI.IL",1272,"2020"
"2111","S.Amer.","IN.MI.OH.WV",728,"2020"
"2112","S.Amer.","SC.NC.VA",2960,"2020"
"2113","S.Amer.","MD.DC.DE.PA.NJ",5614,"2020"
"2114","S.Amer.","CT.RI.MA.NH.VT.ME",3271,"2020"
"2115","S.Amer.","Other",1007,"2020"
"2116","Mexico","CA",27241,"2020"
"2117","Mexico","TX",20436,"2020"
"2118","Mexico","FL",2200,"2020"
"2119","Mexico","NY",896,"2020"
"2120","Mexico","WA.OR",2529,"2020"
"2121","Mexico","AZ.NM.NV.UT.CO",12109,"2020"
"2122","Mexico","MT.WY.ID.ND.SD.NE",1032,"2020"
"2123","Mexico","KS.OK.MO.AR.IA.TN.KY",3979,"2020"
"2124","Mexico","LA.MS.AL.GA",2542,"2020"
"2125","Mexico","MN.WI.IL",4599,"2020"
"2126","Mexico","IN.MI.OH.WV",1600,"2020"
"2127","Mexico","SC.NC.VA",2185,"2020"
"2128","Mexico","MD.DC.DE.PA.NJ",1176,"2020"
"2129","Mexico","CT.RI.MA.NH.VT.ME",422,"2020"
"2130","Mexico","Other",1133,"2020"
"2131","India","CA",9822,"2020"
"2132","India","TX",6969,"2020"
"2133","India","FL",1384,"2020"
"2134","India","NY",1972,"2020"
"2135","India","WA.OR",1981,"2020"
"2136","India","AZ.NM.NV.UT.CO",1428,"2020"
"2137","India","MT.WY.ID.ND.SD.NE",158,"2020"
"2138","India","KS.OK.MO.AR.IA.TN.KY",1851,"2020"
"2139","India","LA.MS.AL.GA",3015,"2020"
"2140","India","MN.WI.IL",3454,"2020"
"2141","India","IN.MI.OH.WV",2374,"2020"
"2142","India","SC.NC.VA",3996,"2020"
"2143","India","MD.DC.DE.PA.NJ",7001,"2020"
"2144","India","CT.RI.MA.NH.VT.ME",2330,"2020"
"2145","India","Other",375,"2020"
"2146","China","CA",8279,"2020"
"2147","China","TX",1647,"2020"
"2148","China","FL",657,"2020"
"2149","China","NY",4578,"2020"
"2150","China","WA.OR",1334,"2020"
"2151","China","AZ.NM.NV.UT.CO",1113,"2020"
"2152","China","MT.WY.ID.ND.SD.NE",107,"2020"
"2153","China","KS.OK.MO.AR.IA.TN.KY",695,"2020"
"2154","China","LA.MS.AL.GA",816,"2020"
"2155","China","MN.WI.IL",1076,"2020"
"2156","China","IN.MI.OH.WV",836,"2020"
"2157","China","SC.NC.VA",973,"2020"
"2158","China","MD.DC.DE.PA.NJ",1984,"2020"
"2159","China","CT.RI.MA.NH.VT.ME",1552,"2020"
"2160","China","Other",463,"2020"
"2161","Africa","CA",6002,"2021"
"2162","Africa","TX",7893,"2021"
"2163","Africa","FL",2338,"2021"
"2164","Africa","NY",7455,"2021"
"2165","Africa","WA.OR",2579,"2021"
"2166","Africa","AZ.NM.NV.UT.CO",3441,"2021"
"2167","Africa","MT.WY.ID.ND.SD.NE",1479,"2021"
"2168","Africa","KS.OK.MO.AR.IA.TN.KY",4639,"2021"
"2169","Africa","LA.MS.AL.GA",3103,"2021"
"2170","Africa","MN.WI.IL",6159,"2021"
"2171","Africa","IN.MI.OH.WV",4766,"2021"
"2172","Africa","SC.NC.VA",5530,"2021"
"2173","Africa","MD.DC.DE.PA.NJ",13374,"2021"
"2174","Africa","CT.RI.MA.NH.VT.ME",6110,"2021"
"2175","Africa","Other",1137,"2021"
"2176","Asia Other","CA",61049,"2021"
"2177","Asia Other","TX",18733,"2021"
"2178","Asia Other","FL",7678,"2021"
"2179","Asia Other","NY",21327,"2021"
"2180","Asia Other","WA.OR",8537,"2021"
"2181","Asia Other","AZ.NM.NV.UT.CO",10359,"2021"
"2182","Asia Other","MT.WY.ID.ND.SD.NE",2366,"2021"
"2183","Asia Other","KS.OK.MO.AR.IA.TN.KY",8015,"2021"
"2184","Asia Other","LA.MS.AL.GA",5661,"2021"
"2185","Asia Other","MN.WI.IL",9914,"2021"
"2186","Asia Other","IN.MI.OH.WV",11454,"2021"
"2187","Asia Other","SC.NC.VA",11376,"2021"
"2188","Asia Other","MD.DC.DE.PA.NJ",18465,"2021"
"2189","Asia Other","CT.RI.MA.NH.VT.ME",7765,"2021"
"2190","Asia Other","Other",6258,"2021"
"2191","Europe","CA",12821,"2021"
"2192","Europe","TX",3496,"2021"
"2193","Europe","FL",8091,"2021"
"2194","Europe","NY",10838,"2021"
"2195","Europe","WA.OR",3951,"2021"
"2196","Europe","AZ.NM.NV.UT.CO",3782,"2021"
"2197","Europe","MT.WY.ID.ND.SD.NE",702,"2021"
"2198","Europe","KS.OK.MO.AR.IA.TN.KY",2023,"2021"
"2199","Europe","LA.MS.AL.GA",1645,"2021"
"2200","Europe","MN.WI.IL",6928,"2021"
"2201","Europe","IN.MI.OH.WV",3464,"2021"
"2202","Europe","SC.NC.VA",3276,"2021"
"2203","Europe","MD.DC.DE.PA.NJ",8367,"2021"
"2204","Europe","CT.RI.MA.NH.VT.ME",6527,"2021"
"2205","Europe","Other",1167,"2021"
"2206","N.Amer. Other","CA",16883,"2021"
"2207","N.Amer. Other","TX",9047,"2021"
"2208","N.Amer. Other","FL",63139,"2021"
"2209","N.Amer. Other","NY",28090,"2021"
"2210","N.Amer. Other","WA.OR",1743,"2021"
"2211","N.Amer. Other","AZ.NM.NV.UT.CO",4601,"2021"
"2212","N.Amer. Other","MT.WY.ID.ND.SD.NE",736,"2021"
"2213","N.Amer. Other","KS.OK.MO.AR.IA.TN.KY",3705,"2021"
"2214","N.Amer. Other","LA.MS.AL.GA",3903,"2021"
"2215","N.Amer. Other","MN.WI.IL",1882,"2021"
"2216","N.Amer. Other","IN.MI.OH.WV",2422,"2021"
"2217","N.Amer. Other","SC.NC.VA",5681,"2021"
"2218","N.Amer. Other","MD.DC.DE.PA.NJ",18587,"2021"
"2219","N.Amer. Other","CT.RI.MA.NH.VT.ME",11467,"2021"
"2220","N.Amer. Other","Other",3195,"2021"
"2221","Oceania","CA",1550,"2021"
"2222","Oceania","TX",218,"2021"
"2223","Oceania","FL",169,"2021"
"2224","Oceania","NY",263,"2021"
"2225","Oceania","WA.OR",4,"2021"
"2226","Oceania","AZ.NM.NV.UT.CO",290,"2021"
"2227","Oceania","MT.WY.ID.ND.SD.NE",51,"2021"
"2228","Oceania","KS.OK.MO.AR.IA.TN.KY",158,"2021"
"2229","Oceania","LA.MS.AL.GA",16,"2021"
"2230","Oceania","MN.WI.IL",117,"2021"
"2231","Oceania","IN.MI.OH.WV",62,"2021"
"2232","Oceania","SC.NC.VA",19,"2021"
"2233","Oceania","MD.DC.DE.PA.NJ",140,"2021"
"2234","Oceania","CT.RI.MA.NH.VT.ME",100,"2021"
"2235","Oceania","Other",250,"2021"
"2236","S.Amer.","CA",6066,"2021"
"2237","S.Amer.","TX",4353,"2021"
"2238","S.Amer.","FL",22072,"2021"
"2239","S.Amer.","NY",11099,"2021"
"2240","S.Amer.","WA.OR",877,"2021"
"2241","S.Amer.","AZ.NM.NV.UT.CO",2401,"2021"
"2242","S.Amer.","MT.WY.ID.ND.SD.NE",230,"2021"
"2243","S.Amer.","KS.OK.MO.AR.IA.TN.KY",1234,"2021"
"2244","S.Amer.","LA.MS.AL.GA",1870,"2021"
"2245","S.Amer.","MN.WI.IL",1544,"2021"
"2246","S.Amer.","IN.MI.OH.WV",1137,"2021"
"2247","S.Amer.","SC.NC.VA",3573,"2021"
"2248","S.Amer.","MD.DC.DE.PA.NJ",9518,"2021"
"2249","S.Amer.","CT.RI.MA.NH.VT.ME",5473,"2021"
"2250","S.Amer.","Other",1214,"2021"
"2251","Mexico","CA",45960,"2021"
"2252","Mexico","TX",24621,"2021"
"2253","Mexico","FL",3112,"2021"
"2254","Mexico","NY",1660,"2021"
"2255","Mexico","WA.OR",3793,"2021"
"2256","Mexico","AZ.NM.NV.UT.CO",13266,"2021"
"2257","Mexico","MT.WY.ID.ND.SD.NE",1081,"2021"
"2258","Mexico","KS.OK.MO.AR.IA.TN.KY",3992,"2021"
"2259","Mexico","LA.MS.AL.GA",2253,"2021"
"2260","Mexico","MN.WI.IL",5420,"2021"
"2261","Mexico","IN.MI.OH.WV",2153,"2021"
"2262","Mexico","SC.NC.VA",2293,"2021"
"2263","Mexico","MD.DC.DE.PA.NJ",1737,"2021"
"2264","Mexico","CT.RI.MA.NH.VT.ME",604,"2021"
"2265","Mexico","Other",1323,"2021"
"2266","India","CA",11319,"2021"
"2267","India","TX",7028,"2021"
"2268","India","FL",1956,"2021"
"2269","India","NY",3365,"2021"
"2270","India","WA.OR",2563,"2021"
"2271","India","AZ.NM.NV.UT.CO",1742,"2021"
"2272","India","MT.WY.ID.ND.SD.NE",239,"2021"
"2273","India","KS.OK.MO.AR.IA.TN.KY",1831,"2021"
"2274","India","LA.MS.AL.GA",2350,"2021"
"2275","India","MN.WI.IL",4037,"2021"
"2276","India","IN.MI.OH.WV",3215,"2021"
"2277","India","SC.NC.VA",3699,"2021"
"2278","India","MD.DC.DE.PA.NJ",10402,"2021"
"2279","India","CT.RI.MA.NH.VT.ME",2932,"2021"
"2280","India","Other",362,"2021"
"2281","China","CA",10197,"2021"
"2282","China","TX",1629,"2021"
"2283","China","FL",674,"2021"
"2284","China","NY",5892,"2021"
"2285","China","WA.OR",1516,"2021"
"2286","China","AZ.NM.NV.UT.CO",860,"2021"
"2287","China","MT.WY.ID.ND.SD.NE",147,"2021"
"2288","China","KS.OK.MO.AR.IA.TN.KY",646,"2021"
"2289","China","LA.MS.AL.GA",511,"2021"
"2290","China","MN.WI.IL",1088,"2021"
"2291","China","IN.MI.OH.WV",864,"2021"
"2292","China","SC.NC.VA",878,"2021"
"2293","China","MD.DC.DE.PA.NJ",2421,"2021"
"2294","China","CT.RI.MA.NH.VT.ME",1438,"2021"
"2295","China","Other",466,"2021"
